[
    {
        "ioNo": "1933439726375665664",
        "ioName": "model_params",
        "unitNo": "1899391620428595200",
        "ioType": "0",
        "tipsText": "输入数据",
        "dataType": "41",
        "displayFlag": "1",
        "autoReceive": " ",
        "specificTypes": ""
    },
    {
        "ioNo": "1792371944570486784",
        "ioName": "param_config",
        "unitNo": "1792365352294809600",
        "ioType": "0",
        "tipsText": "参数列表",
        "dataType": "5",
        "displayFlag": "1"
    },
    {
        "ioNo": "1830802637323239424",
        "ioName": "output",
        "unitNo": "1830802637218381824",
        "ioType": "1",
        "tipsText": "输出数据",
        "dataType": "40",
        "displayFlag": "1",
        "fileFlag": "1"
    },
    {
        "ioNo": "1796454816860340224",
        "ioName": "loader_file",
        "unitNo": "1792365352294809600",
        "ioType": "0",
        "tipsText": "模型加载文件",
        "dataType": "40",
        "displayFlag": "1",
        "autoReceive": " ",
        "specificTypes": ""
    },
    {
        "ioNo": "1792365352399667200",
        "ioName": "model_file",
        "unitNo": "1792365352294809600",
        "ioType": "0",
        "tipsText": "模型文件",
        "dataType": "40",
        "displayFlag": "1"
    },
    {
        "ioNo": "1914226509187383296",
        "ioName": "model_param",
        "unitNo": "1914226509145440256",
        "ioType": "1",
        "tipsText": "输出数据",
        "dataType": "41",
        "displayFlag": "1",
        "fileFlag": "0"
    },
    {
        "ioNo": "1983334095433760768",
        "ioName": "model_params",
        "unitNo": "1983334095295348736",
        "ioType": "0",
        "tipsText": "输入数据",
        "dataType": "41",
        "displayFlag": "1"
    },
    {
        "ioNo": "1983334095433760769",
        "ioName": "model_loader.py",
        "unitNo": "1983334095295348736",
        "ioType": "1",
        "tipsText": "输出数据",
        "dataType": "40",
        "displayFlag": "1",
        "fileFlag": "0"
    },
    {
        "ioNo": "1792365352408055808",
        "ioName": "result",
        "unitNo": "1792365352294809600",
        "ioType": "1",
        "tipsText": "保存结果",
        "dataType": "41",
        "displayFlag": "1",
        "fileFlag": "0"
    },
    {
        "ioNo": "1934516360642035712",
        "ioName": "model_params",
        "unitNo": "1845645168716283904",
        "ioType": "0",
        "tipsText": "输入数据",
        "dataType": "41",
        "displayFlag": "1",
        "autoReceive": " ",
        "specificTypes": ""
    },
    {
        "ioNo": "1856175444030652416",
        "ioName": "model",
        "unitNo": "1856175443871268864",
        "ioType": "0",
        "tipsText": "输入数据",
        "dataType": "40",
        "displayFlag": "1"
    },
    {
        "ioNo": "1845645168816947200",
        "ioName": "parameters",
        "unitNo": "1845645168716283904",
        "ioType": "1",
        "tipsText": "输出数据",
        "dataType": "5",
        "displayFlag": "1",
        "fileFlag": "0"
    },
    {
        "ioNo": "1977997583867445248",
        "ioName": "model_params",
        "unitNo": "1977997583720644608",
        "ioType": "0",
        "tipsText": "输入数据",
        "dataType": "41",
        "displayFlag": "1"
    },
    {
        "ioNo": "1899391620617338880",
        "ioName": "model_loader.py",
        "unitNo": "1899391620428595200",
        "ioType": "1",
        "tipsText": "输出数据",
        "dataType": "40",
        "displayFlag": "1",
        "fileFlag": "0"
    },
    {
        "ioNo": "1856175444043235328",
        "ioName": "model.onnx",
        "unitNo": "1856175443871268864",
        "ioType": "1",
        "tipsText": "输出数据",
        "dataType": "40",
        "displayFlag": "1",
        "fileFlag": "0"
    },
    {
        "ioNo": "1977997583871639552",
        "ioName": "model_loader.py",
        "unitNo": "1977997583720644608",
        "ioType": "1",
        "tipsText": "输出数据",
        "dataType": "40",
        "displayFlag": "1",
        "fileFlag": "0"
    }
]