[
    {
        "nodeNo": "1933439354173128704",
        "nodeColor": "#1764e8",
        "unitNo": "1914226509145440256",
        "flowNo": "1917052989390979072",
        "nodeNam": "数据集导入配置",
        "tenantNo": "1",
        "fstusrDtm": 1760426498000,
        "fstusrId": "SYS"
    },
    {
        "nodeNo": "1917074558909677568",
        "nodeDsc": "上传Any类型文件",
        "nodeColor": "#1764e8",
        "unitNo": "1830802637218381824",
        "flowNo": "1917052989390979072",
        "nodeNam": "通用文件上传",
        "tenantNo": "1",
        "fstusrDtm": 1760426498000,
        "fstusrId": "SYS"
    },
    {
        "nodeNo": "1934515064987975680",
        "nodeColor": "#1764e8",
        "unitNo": "1899391620428595200",
        "flowNo": "1917052989390979072",
        "nodeNam": "烟雾检测加载文件生成",
        "tenantNo": "1",
        "fstusrDtm": 1760426498000,
        "fstusrId": "SYS"
    },
    {
        "nodeNo": "1934517428423753728",
        "nodeColor": "#1764e8",
        "unitNo": "1845645168716283904",
        "flowNo": "1917052989390979072",
        "nodeNam": "视频模型参数配置生成",
        "tenantNo": "1",
        "fstusrDtm": 1760426498000,
        "fstusrId": "SYS"
    },
    {
        "nodeNo": "1920325541970313216",
        "nodeColor": "#1764e8",
        "unitNo": "1856175443871268864",
        "flowNo": "1917052989390979072",
        "nodeNam": "yolo模型PT转ONNX",
        "tenantNo": "1",
        "fstusrDtm": 1760426498000,
        "fstusrId": "SYS"
    },
    {
        "nodeNo": "1920279975013908480",
        "nodeColor": "#1764e8",
        "unitNo": "1900448360872017920",
        "flowNo": "1917052989390979072",
        "nodeNam": "烟雾检测加载文件生成",
        "tenantNo": "1",
        "fstusrDtm": 1760426498000,
        "fstusrId": "SYS"
    },
    {
        "nodeNo": "1917074526210883584",
        "nodeDsc": "模型生成服务",
        "nodeColor": "#1764e8",
        "unitNo": "1792365352294809600",
        "flowNo": "1917052989390979072",
        "nodeNam": "模型生成服务",
        "tenantNo": "1",
        "fstusrDtm": 1760426498000,
        "fstusrId": "SYS"
    },
    {
        "nodeNo": "1977998396937469952",
        "nodeColor": "#1764e8",
        "unitNo": "1977997583720644608",
        "flowNo": "1917052989390979072",
        "nodeNam": "烟雾检测加载文件生成(kafka,zlmediakit)",
        "tenantNo": "1",
        "fstusrDtm": 1760426542000,
        "fstusrId": "SYS"
    },
    {
        "nodeNo": "1983334424342691840",
        "nodeColor": "#1764e8",
        "unitNo": "1983334095295348736",
        "flowNo": "1917052989390979072",
        "nodeNam": "烟雾检测模型加载文件(多边形)",
        "tenantNo": "1",
        "fstusrDtm": 1761698750000,
        "fstusrId": "SYS"
    }
]