[
    {
        "paramNo": "1856177778357960704",
        "unitNo": "1856175443871268864",
        "fieldType": "2",
        "paramType": "0",
        "paramId": "quantization",
        "paramName": "模型量化",
        "defaultVal": "int8",
        "requireFlag": "0",
        "hideFlag": "0",
        "promptText": "占位提示文本",
        "dataSource": "",
        "relationFlag": "0",
        "relationParam": "",
        "relationVal": ""
    },
    {
        "paramNo": "1900448427062329344",
        "unitNo": "1900448360872017920",
        "fieldType": "0",
        "paramType": "0",
        "paramId": "ori_rtsp_url",
        "paramName": "原视频流地址",
        "defaultVal": "",
        "requireFlag": "0",
        "hideFlag": "0",
        "promptText": "占位提示文本",
        "dataSource": "",
        "relationFlag": "0",
        "relationParam": "",
        "relationVal": ""
    },
    {
        "paramNo": "1792397318851395584",
        "unitNo": "1792365352294809600",
        "fieldType": "0",
        "paramType": "0",
        "paramId": "服务名称",
        "paramName": "服务名称",
        "defaultVal": "",
        "requireFlag": "1",
        "hideFlag": "0",
        "promptText": "请输入服务名称",
        "dataSource": "",
        "relationFlag": "0",
        "relationParam": "",
        "relationVal": ""
    },
    {
        "paramNo": "1856177706861854720",
        "unitNo": "1856175443871268864",
        "fieldType": "1",
        "paramType": "0",
        "paramId": "dynamic",
        "paramName": "动态图像输入大小",
        "defaultVal": "1",
        "requireFlag": "0",
        "hideFlag": "0",
        "promptText": "占位提示文本",
        "dataSource": "",
        "relationFlag": "0",
        "relationParam": "",
        "relationVal": ""
    },
    {
        "paramNo": "1792398003965788160",
        "unitNo": "1792365352294809600",
        "fieldType": "2",
        "paramType": "0",
        "paramId": "是否自动上线",
        "paramName": "是否自动上线",
        "defaultVal": "0",
        "requireFlag": "0",
        "hideFlag": "0",
        "promptText": "占位提示文本",
        "dataSource": "",
        "relationFlag": "0",
        "relationParam": "",
        "relationVal": ""
    },
    {
        "paramNo": "1900448494821310464",
        "unitNo": "1900448360872017920",
        "fieldType": "0",
        "paramType": "0",
        "paramId": "transmit_rtsp_url",
        "paramName": "转发视频流地址",
        "defaultVal": "",
        "requireFlag": "0",
        "hideFlag": "0",
        "promptText": "占位提示文本",
        "dataSource": "",
        "relationFlag": "0",
        "relationParam": "",
        "relationVal": ""
    },
    {
        "paramNo": "1792397577606397952",
        "unitNo": "1792365352294809600",
        "fieldType": "2",
        "paramType": "0",
        "paramId": "生成规则",
        "paramName": "生成规则(覆盖只覆盖模型和参数)",
        "defaultVal": "1",
        "requireFlag": "0",
        "hideFlag": "0",
        "promptText": "占位提示文本",
        "dataSource": "",
        "relationFlag": "0",
        "relationParam": "",
        "relationVal": ""
    },
    {
        "paramNo": "1792397577606397953",
        "unitNo": "1792365352294809600",
        "fieldType": "0",
        "paramType": "0",
        "paramId": "服务地址",
        "paramName": "服务地址(平台地址)",
        "defaultVal": "",
        "requireFlag": "1",
        "hideFlag": "0",
        "promptText": "请输入服务",
        "dataSource": "",
        "relationFlag": "0",
        "relationParam": "",
        "relationVal": ""
    },
    {
        "paramNo": "1914227527354679296",
        "unitNo": "1914226509145440256",
        "fieldType": "10",
        "paramType": "0",
        "paramId": "url",
        "paramName": "数据集地址",
        "defaultVal": "",
        "requireFlag": "0",
        "hideFlag": "0",
        "promptText": "占位提示文本",
        "dataSource": "",
        "relationFlag": "0",
        "relationParam": "",
        "relationVal": ""
    }
]