[
    {
        "optionNo": "1856177821890641920",
        "optionVal": "int8",
        "optionNam": "8bit量化",
        "paramNo": "1856177778357960704"
    },
    {
        "optionNo": "1792398139987066880",
        "optionVal": "1",
        "optionNam": "是",
        "paramNo": "1792398003965788160"
    },
    {
        "optionNo": "1792397703255162880",
        "optionVal": "0",
        "optionNam": "覆盖最新版本",
        "paramNo": "1792397577606397952"
    },
    {
        "optionNo": "1856177820007399424",
        "optionVal": "half",
        "optionNam": "16bit量化",
        "paramNo": "1856177778357960704"
    },
    {
        "optionNo": "1792398112908640256",
        "optionVal": "0",
        "optionNam": "否",
        "paramNo": "1792398003965788160"
    },
    {
        "optionNo": "1792397764005462016",
        "optionVal": "1",
        "optionNam": "生成最新版本",
        "paramNo": "1792397577606397952"
    }
]