[
    {
        "paramNo": "1933439354194100224",
        "nodeNo": "1933439354173128704",
        "unitParamNo": "1914227527354679296",
        "paramVal": "/rest/diexec/file/download?filePath=/dataset/1983337526667886592.zip",
        "fieldType": "10",
        "paramId": "url",
        "promptText": "占位提示文本",
        "relationParam": "",
        "relationVal": "",
        "dataSource": "",
        "paramType": "0",
        "paramName": "数据集地址"
    },
    {
        "paramNo": "1920325541991284736",
        "nodeNo": "1920325541970313216",
        "unitParamNo": "1856177706861854720",
        "paramVal": "1",
        "fieldType": "1",
        "paramId": "dynamic",
        "promptText": "占位提示文本",
        "relationParam": "",
        "relationVal": "",
        "dataSource": "",
        "paramType": "0",
        "paramName": "动态图像输入大小"
    },
    {
        "paramNo": "1920325542003867648",
        "nodeNo": "1920325541970313216",
        "unitParamNo": "1856177778357960704",
        "paramVal": "half",
        "fieldType": "2",
        "paramId": "quantization",
        "promptText": "占位提示文本",
        "relationParam": "",
        "relationVal": "",
        "dataSource": "",
        "paramType": "0",
        "paramName": "模型量化"
    },
    {
        "paramNo": "1920279975055851520",
        "nodeNo": "1920279975013908480",
        "unitParamNo": "1900448427062329344",
        "paramVal": "rtsp://admin:luculent1!@172.16.221.13/:554/streaming/channels/101",
        "fieldType": "0",
        "paramId": "ori_rtsp_url",
        "promptText": "占位提示文本",
        "relationParam": "",
        "relationVal": "",
        "dataSource": "",
        "paramType": "0",
        "paramName": "原视频流地址"
    },
    {
        "paramNo": "1920279975068434432",
        "nodeNo": "1920279975013908480",
        "unitParamNo": "1900448494821310464",
        "paramVal": "rtmp://168.168.10.110:11935/live/stream10",
        "fieldType": "0",
        "paramId": "transmit_rtsp_url",
        "promptText": "占位提示文本",
        "relationParam": "",
        "relationVal": "",
        "dataSource": "",
        "paramType": "0",
        "paramName": "转发视频流地址"
    },
    {
        "paramNo": "1917074526244438016",
        "nodeNo": "1917074526210883584",
        "unitParamNo": "1792397318851395584",
        "paramVal": "烟雾视频检测7",
        "fieldType": "0",
        "paramId": "服务名称",
        "promptText": "请输入服务名称",
        "relationParam": "",
        "relationVal": "",
        "dataSource": "",
        "paramType": "0",
        "paramName": "服务名称"
    },
    {
        "paramNo": "1917074526265409536",
        "nodeNo": "1917074526210883584",
        "unitParamNo": "1792397577606397952",
        "paramVal": "1",
        "fieldType": "2",
        "paramId": "生成规则",
        "promptText": "占位提示文本",
        "relationParam": "",
        "relationVal": "",
        "dataSource": "",
        "paramType": "0",
        "paramName": "生成规则(覆盖只覆盖模型和参数)"
    },
    {
        "paramNo": "1917074526236049408",
        "nodeNo": "1917074526210883584",
        "unitParamNo": "1792397577606397953",
        "paramVal": "http://172.16.134.122:8900",
        "fieldType": "0",
        "paramId": "服务地址",
        "promptText": "请输入服务",
        "relationParam": "",
        "relationVal": "",
        "dataSource": "",
        "paramType": "0",
        "paramName": "服务地址(平台地址)"
    },
    {
        "paramNo": "1917074526290575360",
        "nodeNo": "1917074526210883584",
        "unitParamNo": "1792398003965788160",
        "paramVal": "1",
        "fieldType": "2",
        "paramId": "是否自动上线",
        "promptText": "占位提示文本",
        "relationParam": "",
        "relationVal": "",
        "dataSource": "",
        "paramType": "0",
        "paramName": "是否自动上线"
    }
]