[
    {
        "unitNo": "1845645168716283904",
        "unitNam": "视频模型参数配置生成",
        "unitIcon": "\\uE844",
        "fillColor": "#1764e8",
        "unitType": "0",
        "codeType": "1",
        "codeUrl": "/component/1845645168716283904/model_parameters_generate.py",
        "treeNo": "1792375216962273280",
        "codeFileName": "model_parameters_generate.py",
        "rangeType": "0",
        "fstusrId": "SYS"
    },
    {
        "unitNo": "1977997583720644608",
        "unitNam": "烟雾检测加载文件生成(kafka,zlmediakit)",
        "unitIcon": "\\uE643",
        "fillColor": "#1764e8",
        "unitType": "0",
        "codeType": "1",
        "codeUrl": "/component/1977997583720644608/DI_1977997583720644608.py",
        "treeNo": "1",
        "codeFileName": "DI_1977997583720644608.py",
        "rangeType": "1",
        "unitFileType": "0",
        "fstusrId": "SYS",
        "lstusrId": "SYS"
    },
    {
        "unitNo": "1900448360872017920",
        "unitNam": "转发视频流",
        "unitIcon": "\\uE643",
        "fillColor": "#1764e8",
        "unitType": "0",
        "codeType": "1",
        "codeUrl": "/component/1900448360872017920/transmit_video_stream.py",
        "treeNo": "1",
        "codeFileName": "transmit_video_stream.py",
        "rangeType": "1",
        "fstusrId": "SYS"
    },
    {
        "unitNo": "1899391620428595200",
        "unitNam": "烟雾检测加载文件生成",
        "unitIcon": "\\uE643",
        "fillColor": "#1764e8",
        "unitType": "0",
        "codeType": "1",
        "codeUrl": "/component/1899391620428595200/smoke_area_detect_loader.py",
        "treeNo": "1",
        "codeFileName": "smoke_area_detect_loader.py",
        "rangeType": "1",
        "fstusrId": "SYS"
    },
    {
        "unitNo": "1830802637218381824",
        "unitNam": "通用文件上传",
        "unitIcon": "\\uE643",
        "fillColor": "#1764e8",
        "unitDesc": "上传Any类型文件",
        "unitType": "0",
        "codeType": "1",
        "codeUrl": "/component/1830802637218381824/upload_any_file.py",
        "treeNo": "1268432762797293568",
        "codeFileName": "upload_any_file.py",
        "rangeType": "0",
        "fstusrId": "SYS"
    },
    {
        "unitNo": "1983334095295348736",
        "unitNam": "烟雾检测模型加载文件(多边形)",
        "unitIcon": "\\uE643",
        "fillColor": "#1764e8",
        "unitType": "0",
        "codeType": "1",
        "codeUrl": "/component/1983334095295348736/smoke_with_can_area_detect_loader_multipolygon_zlmediakit_kafka.py",
        "treeNo": "1",
        "codeFileName": "smoke_with_can_area_detect_loader_multipolygon_zlmediakit_kafka.py",
        "rangeType": "1",
        "unitFileType": "1",
        "fstusrId": "SYS",
        "lstusrId": "SYS"
    },
    {
        "unitNo": "1914226509145440256",
        "unitNam": "数据集导入配置",
        "unitIcon": "\\uE643",
        "fillColor": "#1764e8",
        "unitType": "0",
        "codeType": "1",
        "codeUrl": "/component/1914226509145440256/DI_1914226509145440256.py",
        "treeNo": "1",
        "codeFileName": "DI_1914226509145440256.py",
        "rangeType": "1",
        "fstusrId": "SYS"
    },
    {
        "unitNo": "1792365352294809600",
        "unitNam": "模型生成服务",
        "unitIcon": "\\uE882",
        "fillColor": "#1764e8",
        "unitDesc": "模型生成服务",
        "unitType": "0",
        "codeType": "1",
        "codeUrl": "/component/1792365352294809600/model_service.py",
        "treeNo": "1",
        "codeFileName": "model_service.py",
        "rangeType": "1",
        "fstusrId": "SYS"
    },
    {
        "unitNo": "1856175443871268864",
        "unitNam": "yolo模型PT转ONNX",
        "unitIcon": "\\uE643",
        "fillColor": "#1764e8",
        "unitType": "0",
        "codeType": "1",
        "codeUrl": "/component/1856175443871268864/yolo_pt2onnx.py",
        "treeNo": "1",
        "codeFileName": "yolo_pt2onnx.py",
        "rangeType": "1",
        "fstusrId": "SYS"
    }
]