[
    {
        "unitNo": "1881540823049306112",
        "unitNam": "输出配置文件（测试）",
        "unitIcon": "\\uE643",
        "fillColor": "#1764e8",
        "unitType": "0",
        "codeType": "1",
        "codeUrl": "/component/1881540823049306112/generate_parameter_file_test.py",
        "treeNo": "1881156883327221760",
        "codeFileName": "generate_parameter_file_test.py",
        "rangeType": "1",
        "fstusrId": "SYS"
    },
    {
        "unitNo": "1944604925342253056",
        "unitNam": "能耗优化加载文件生成",
        "unitIcon": "\\uE643",
        "fillColor": "#1764e8",
        "unitType": "0",
        "codeType": "1",
        "codeUrl": "/component/1944604925342253056/energy_conserve_model_loader.py",
        "treeNo": "1",
        "codeFileName": "energy_conserve_model_loader.py",
        "rangeType": "1",
        "unitFileType": "0",
        "fstusrId": "SYS",
        "lstusrId": "SYS"
    },
    {
        "unitNo": "1912066826313924608",
        "unitNam": "JSON配置TrendDB时序库采集(V6)",
        "unitIcon": "\\uE643",
        "fillColor": "#1764e8",
        "unitDesc": "json样例：\n{\n  \"trenddb_ip\": \"trend-db-server\",\n  \"trenddb_port\": \"6688\",\n  \"trenddb_version\": \"v4\",\n  \"trenddb_username\": \"\",\n  \"trenddb_password\": \"\",\n  \"trenddb_name\": \"db102\",\n  \"sample_interval\": 60,\n  \"tags\": \"tst1,tst2\",\n  \"time_lists\": [\n    {\n      \"beginTime\": \"2024-10-14 00:00:00\",\n      \"endTime\": \"2024-10-20 00:00:00\"\n    }\n  ]\n}",
        "unitType": "0",
        "codeType": "1",
        "codeUrl": "/component/1912066826313924608/trenddb_data_collect.py",
        "treeNo": "1",
        "codeFileName": "trenddb_data_collect.py",
        "rangeType": "1",
        "fstusrId": "SYS"
    },
    {
        "unitNo": "1873986362072367104",
        "unitNam": "回归评估",
        "unitIcon": "\\uE643",
        "fillColor": "#1764e8",
        "unitType": "0",
        "codeType": "1",
        "codeUrl": "/component/1873986362072367104/regression_estimation.py",
        "treeNo": "1881156533287387136",
        "codeFileName": "regression_estimation.py",
        "rangeType": "1",
        "fstusrId": "SYS"
    },
    {
        "unitNo": "1912347341147340800",
        "unitNam": "工况更新(V6)",
        "unitIcon": "\\uE643",
        "fillColor": "#1764e8",
        "unitType": "0",
        "codeType": "1",
        "codeUrl": "/component/1912347341147340800/gk_update.py",
        "treeNo": "1",
        "codeFileName": "gk_update.py",
        "rangeType": "1",
        "fstusrId": "SYS"
    },
    {
        "unitNo": "1854003562376331264",
        "unitNam": "数据长度统一",
        "unitIcon": "\\uE643",
        "fillColor": "#1764e8",
        "unitType": "0",
        "codeType": "1",
        "codeUrl": "/component/1854003562376331264/cut_data.py",
        "treeNo": "1881156533287387136",
        "codeFileName": "cut_data.py",
        "rangeType": "1",
        "unitFileType": "0",
        "fstusrId": "SYS",
        "lstusrId": "SYS"
    },
    {
        "unitNo": "1849285747928989696",
        "unitNam": "通用文件zip整合(2输入)",
        "unitIcon": "\\uE643",
        "fillColor": "#1764e8",
        "unitDesc": "通用文件zip整合，同时参数可以重新定义两个文件在压缩文件中的名称，如果输入文件名为.zip结尾的压缩文件，则会解压全部文件，并重新和新文件压缩到一起，压缩包指定名称后文件会输出到该名称的文件夹中。压缩文件路径：models/*",
        "unitType": "0",
        "codeType": "1",
        "codeUrl": "/component/1849285747928989696/any_file_zip_2_input.py",
        "treeNo": "1839598240282968064",
        "codeFileName": "any_file_zip_2_input.py",
        "rangeType": "0",
        "fstusrId": "SYS"
    },
    {
        "unitNo": "1796352554905370624",
        "unitNam": "输出配置文件",
        "unitIcon": "\\uE643",
        "fillColor": "#1764e8",
        "unitType": "0",
        "codeType": "1",
        "codeUrl": "/component/1796352554905370624/GenerateParameterFile.py",
        "treeNo": "1881156533287387136",
        "codeFileName": "GenerateParameterFile.py",
        "rangeType": "1",
        "fstusrId": "SYS"
    },
    {
        "unitNo": "1795350954992730112",
        "unitNam": "计算目标变量权重",
        "unitIcon": "\\ue643",
        "fillColor": "#1764e8",
        "unitType": "0",
        "codeType": "1",
        "codeUrl": "/component/1795350954992730112/ComputeTargetWeight.py",
        "treeNo": "1881156533287387136",
        "codeFileName": "ComputeTargetWeight.py",
        "rangeType": "1",
        "fstusrId": "SYS"
    },
    {
        "unitNo": "1881964097948352512",
        "unitNam": "optuna自动选择模型",
        "unitIcon": "\\uE643",
        "fillColor": "#1764e8",
        "unitDesc": "融合所有回归算法，让optuna自己选择最适合的算法进行拟合",
        "unitType": "0",
        "codeType": "1",
        "codeUrl": "/component/1881964097948352512/optuna_all_regressor.py",
        "treeNo": "1273494918064504832",
        "codeFileName": "optuna_all_regressor.py",
        "rangeType": "0",
        "fstusrId": "SYS"
    },
    {
        "unitNo": "1839232395669143552",
        "unitNam": "拆解时间特征",
        "unitIcon": "\\uE643",
        "fillColor": "#1764e8",
        "unitType": "0",
        "codeType": "1",
        "codeUrl": "/component/1839232395669143552/timestamp_component_feature.py",
        "treeNo": "1270552090288062464",
        "codeFileName": "timestamp_component_feature.py",
        "rangeType": "0",
        "fstusrId": "SYS"
    },
    {
        "unitNo": "1881157777657692160",
        "unitNam": "计算目标值及限值",
        "unitIcon": "\\uE643",
        "fillColor": "#1764e8",
        "unitType": "0",
        "codeType": "1",
        "codeUrl": "/component/1881157777657692160/compute_target_mean_std.py",
        "treeNo": "1881156883327221760",
        "codeFileName": "compute_target_mean_std.py",
        "rangeType": "1",
        "unitFileType": "0",
        "fstusrId": "SYS",
        "lstusrId": "SYS"
    },
    {
        "unitNo": "1912404955264712704",
        "unitNam": "工况测点筛选(V6)",
        "unitIcon": "\\uE643",
        "fillColor": "#1764e8",
        "unitType": "0",
        "codeType": "1",
        "codeUrl": "/component/1912404955264712704/feature_selection.py",
        "treeNo": "1",
        "codeFileName": "feature_selection.py",
        "rangeType": "1",
        "unitFileType": "0",
        "fstusrId": "SYS",
        "lstusrId": "SYS"
    },
    {
        "unitNo": "1909492526037860352",
        "unitNam": "剔除异常值(v6)",
        "unitIcon": "\\uE643",
        "fillColor": "#1764e8",
        "unitType": "0",
        "codeType": "1",
        "codeUrl": "/component/1909492526037860352/filter_data_v6.py",
        "treeNo": "1",
        "codeFileName": "filter_data_v6.py",
        "rangeType": "1",
        "fstusrId": "SYS"
    },
    {
        "unitNo": "1792395891680739328",
        "unitNam": "Xlsx文件上传",
        "unitIcon": "\\uE643",
        "fillColor": "#1764e8",
        "unitType": "0",
        "codeType": "1",
        "codeUrl": "/component/1792395891680739328/upload_xlsx.py",
        "treeNo": "1268432786985844736",
        "codeFileName": "upload_xlsx.py",
        "rangeType": "0",
        "fstusrId": "SYS"
    },
    {
        "unitNo": "1873987183895904256",
        "unitNam": "模型生成服务",
        "unitIcon": "\\uE643",
        "fillColor": "#1764e8",
        "unitType": "0",
        "codeType": "1",
        "codeUrl": "/component/1873987183895904256/model_service.py",
        "treeNo": "1881156533287387136",
        "codeFileName": "model_service.py",
        "rangeType": "1",
        "fstusrId": "SYS"
    },
    {
        "unitNo": "1920654553988988928",
        "unitNam": "分割工况(v6)带中文名",
        "unitIcon": "\\uE643",
        "fillColor": "#1764e8",
        "unitType": "0",
        "codeType": "1",
        "codeUrl": "/component/1920654553988988928/devide_working_condition.py",
        "treeNo": "1",
        "codeFileName": "devide_working_condition.py",
        "rangeType": "1",
        "unitFileType": "0",
        "fstusrId": "SYS",
        "lstusrId": "SYS"
    },
    {
        "unitNo": "1912053854740938752",
        "unitNam": "配置参数解析(V6)",
        "unitIcon": "\\uE643",
        "fillColor": "#1764e8",
        "unitDesc": "更新时间: 2025/4/15 ",
        "unitType": "0",
        "codeType": "1",
        "codeUrl": "/component/1912053854740938752/configuration_convertion.py",
        "treeNo": "1",
        "codeFileName": "configuration_convertion.py",
        "rangeType": "1",
        "unitFileType": "1",
        "fstusrId": "SYS",
        "lstusrId": "SYS"
    },
    {
        "unitNo": "1914226509145440256",
        "unitNam": "数据集导入配置",
        "unitIcon": "\\uE643",
        "fillColor": "#1764e8",
        "unitType": "0",
        "codeType": "1",
        "codeUrl": "/component/1914226509145440256/DI_1914226509145440256.py",
        "treeNo": "1",
        "codeFileName": "DI_1914226509145440256.py",
        "rangeType": "1",
        "fstusrId": "SYS"
    },
    {
        "unitNo": "1912347404900761600",
        "unitNam": "工况json转xlsx(V6)",
        "unitIcon": "\\uE643",
        "fillColor": "#1764e8",
        "unitType": "0",
        "codeType": "1",
        "codeUrl": "/component/1912347404900761600/gk_json2xlsx.py",
        "treeNo": "1",
        "codeFileName": "gk_json2xlsx.py",
        "rangeType": "1",
        "fstusrId": "SYS"
    },
    {
        "unitNo": "1839586000947380224",
        "unitNam": "csv列合并",
        "unitIcon": "\\uE643",
        "fillColor": "#1764e8",
        "unitType": "0",
        "codeType": "1",
        "codeUrl": "/component/1839586000947380224/csv_column_merge.py",
        "treeNo": "1839596993060536320",
        "codeFileName": "csv_column_merge.py",
        "rangeType": "0",
        "fstusrId": "SYS"
    }
]