[
    {
        "ioNo": "1792395891705905152",
        "ioName": "output1",
        "unitNo": "1792395891680739328",
        "ioType": "1",
        "tipsText": "xlsx文件",
        "dataType": "5",
        "displayFlag": "1",
        "fileFlag": "1"
    },
    {
        "ioNo": "1969314363693072384",
        "ioName": "output",
        "unitNo": "1969314363479162880",
        "ioType": "1",
        "tipsText": "输出数据",
        "dataType": "5",
        "displayFlag": "1",
        "fileFlag": "0"
    },
    {
        "ioNo": "1914226509187383296",
        "ioName": "model_param",
        "unitNo": "1914226509145440256",
        "ioType": "1",
        "tipsText": "输出数据",
        "dataType": "41",
        "displayFlag": "1",
        "fileFlag": "0"
    },
    {
        "ioNo": "1849285748008681472",
        "ioName": "output.zip",
        "unitNo": "1849285747928989696",
        "ioType": "1",
        "tipsText": "输出数据",
        "dataType": "40",
        "displayFlag": "1",
        "fileFlag": "0"
    },
    {
        "ioNo": "1968563237276352512",
        "ioName": "output",
        "unitNo": "1968563237154717696",
        "ioType": "1",
        "tipsText": "合并后数据",
        "dataType": "41",
        "displayFlag": "1",
        "fileFlag": "0"
    },
    {
        "ioNo": "1912404955264712707",
        "ioName": "model_params",
        "unitNo": "1912404955264712704",
        "ioType": "0",
        "tipsText": "模型信息",
        "dataType": "41",
        "displayFlag": "1",
        "autoReceive": " ",
        "specificTypes": ""
    },
    {
        "ioNo": "1839586001060626432",
        "ioName": "output",
        "unitNo": "1839586000947380224",
        "ioType": "1",
        "tipsText": "输出数据",
        "dataType": "1",
        "displayFlag": "1",
        "fileFlag": "0"
    },
    {
        "ioNo": "1912404955264712708",
        "ioName": "model_params",
        "unitNo": "1912404955264712704",
        "ioType": "1",
        "tipsText": "模型信息输出",
        "dataType": "41",
        "displayFlag": "1",
        "autoReceive": " ",
        "specificTypes": ""
    },
    {
        "ioNo": "1912404955264712705",
        "ioName": "feature",
        "unitNo": "1912404955264712704",
        "ioType": "1",
        "tipsText": "特征输出",
        "dataType": "1",
        "displayFlag": "1",
        "fileFlag": "0"
    },
    {
        "ioNo": "1912404955264712706",
        "ioName": "feature",
        "unitNo": "1912404955264712704",
        "ioType": "0",
        "tipsText": "特征数据",
        "dataType": "1",
        "displayFlag": "1",
        "autoReceive": " ",
        "specificTypes": ""
    },
    {
        "ioNo": "1882232216453382144",
        "ioName": "target",
        "unitNo": "1881964097948352512",
        "ioType": "0",
        "tipsText": "目标数据",
        "dataType": "1",
        "displayFlag": "1",
        "autoReceive": " ",
        "specificTypes": ""
    },
    {
        "ioNo": "1912404955264712704",
        "ioName": "control",
        "unitNo": "1912404955264712704",
        "ioType": "0",
        "tipsText": "控制数据",
        "dataType": "1",
        "displayFlag": "1"
    },
    {
        "ioNo": "1873987420593061888",
        "ioName": "param_config",
        "unitNo": "1873987183895904256",
        "ioType": "0",
        "tipsText": "参数列表",
        "dataType": "5",
        "displayFlag": "1"
    },
    {
        "ioNo": "1912053854812241920",
        "ioName": "output",
        "unitNo": "1912053854740938752",
        "ioType": "1",
        "tipsText": "输出数据",
        "dataType": "41",
        "displayFlag": "1",
        "fileFlag": "0"
    },
    {
        "ioNo": "1795350955034673152",
        "ioName": "output1",
        "unitNo": "1795350954992730112",
        "ioType": "1",
        "tipsText": "目标权重",
        "dataType": "41",
        "displayFlag": "1",
        "fileFlag": "0"
    },
    {
        "ioNo": "1968563237272158208",
        "ioName": "smoke_feedback",
        "unitNo": "1968563237154717696",
        "ioType": "0",
        "tipsText": "烟雾反馈统计",
        "dataType": "41",
        "displayFlag": "1"
    },
    {
        "ioNo": "1796352554926342144",
        "ioName": "parameters",
        "unitNo": "1796352554905370624",
        "ioType": "1",
        "tipsText": "参数列表",
        "dataType": "5",
        "displayFlag": "1",
        "fileFlag": "0"
    },
    {
        "ioNo": "1854003562497966080",
        "ioName": "input1",
        "unitNo": "1854003562376331264",
        "ioType": "0",
        "tipsText": "控制数据",
        "dataType": "1",
        "displayFlag": "1"
    },
    {
        "ioNo": "1854003617061666816",
        "ioName": "output2",
        "unitNo": "1854003562376331264",
        "ioType": "1",
        "tipsText": "目标数据",
        "dataType": "1",
        "displayFlag": "1",
        "autoReceive": " ",
        "specificTypes": "",
        "fileFlag": "1"
    },
    {
        "ioNo": "1873986362173030400",
        "ioName": "output1",
        "unitNo": "1873986362072367104",
        "ioType": "1",
        "tipsText": "输出数据",
        "dataType": "41",
        "displayFlag": "1",
        "fileFlag": "0"
    },
    {
        "ioNo": "1839232395769806848",
        "ioName": "output",
        "unitNo": "1839232395669143552",
        "ioType": "1",
        "tipsText": "输出数据",
        "dataType": "1",
        "displayFlag": "1",
        "fileFlag": "0"
    },
    {
        "ioNo": "1854003609805520896",
        "ioName": "input2",
        "unitNo": "1854003562376331264",
        "ioType": "0",
        "tipsText": "目标数据",
        "dataType": "1",
        "displayFlag": "1",
        "autoReceive": " ",
        "specificTypes": ""
    },
    {
        "ioNo": "1795350955022090240",
        "ioName": "input1",
        "unitNo": "1795350954992730112",
        "ioType": "0",
        "tipsText": "目标数据",
        "dataType": "1",
        "displayFlag": "1"
    },
    {
        "ioNo": "1882232243213041664",
        "ioName": "model",
        "unitNo": "1881964097948352512",
        "ioType": "1",
        "tipsText": "输出模型",
        "dataType": "40",
        "displayFlag": "1",
        "autoReceive": " ",
        "specificTypes": ""
    },
    {
        "ioNo": "1912347404900761601",
        "ioName": "output",
        "unitNo": "1912347404900761600",
        "ioType": "1",
        "tipsText": "输出数据",
        "dataType": "5",
        "displayFlag": "1",
        "fileFlag": "0"
    },
    {
        "ioNo": "1912347404900761600",
        "ioName": "input",
        "unitNo": "1912347404900761600",
        "ioType": "0",
        "tipsText": "输入数据",
        "dataType": "41",
        "displayFlag": "1"
    },
    {
        "ioNo": "1881157777758355456",
        "ioName": "output1",
        "unitNo": "1881157777657692160",
        "ioType": "1",
        "tipsText": "输出数据",
        "dataType": "41",
        "displayFlag": "1",
        "fileFlag": "0"
    },
    {
        "ioNo": "1920654553993183237",
        "ioName": "model_params",
        "unitNo": "1920654553988988928",
        "ioType": "1",
        "tipsText": "模型信息",
        "dataType": "41",
        "displayFlag": "1",
        "autoReceive": " ",
        "specificTypes": ""
    },
    {
        "ioNo": "1920654553993183236",
        "ioName": "gmm",
        "unitNo": "1920654553988988928",
        "ioType": "1",
        "tipsText": "聚类模型",
        "dataType": "21",
        "displayFlag": "1",
        "autoReceive": " ",
        "specificTypes": ""
    },
    {
        "ioNo": "1920654553993183238",
        "ioName": "images.zip",
        "unitNo": "1920654553988988928",
        "ioType": "1",
        "tipsText": "最佳划分图像",
        "dataType": "40",
        "displayFlag": "1",
        "autoReceive": " ",
        "specificTypes": "",
        "fileFlag": "0"
    },
    {
        "ioNo": "1881157777745772544",
        "ioName": "target",
        "unitNo": "1881157777657692160",
        "ioType": "0",
        "tipsText": "输入数据",
        "dataType": "1",
        "displayFlag": "1"
    },
    {
        "ioNo": "1873987183967207424",
        "ioName": "result",
        "unitNo": "1873987183895904256",
        "ioType": "1",
        "tipsText": "输出数据",
        "dataType": "41",
        "displayFlag": "1",
        "fileFlag": "0"
    },
    {
        "ioNo": "1881540896382517248",
        "ioName": "model_params",
        "unitNo": "1881540823049306112",
        "ioType": "0",
        "tipsText": "模型参数",
        "dataType": "41",
        "displayFlag": "1",
        "autoReceive": " ",
        "specificTypes": ""
    },
    {
        "ioNo": "1881964098032238592",
        "ioName": "feature",
        "unitNo": "1881964097948352512",
        "ioType": "0",
        "tipsText": "特征数据",
        "dataType": "1",
        "displayFlag": "1"
    },
    {
        "ioNo": "1912347341147340800",
        "ioName": "input1",
        "unitNo": "1912347341147340800",
        "ioType": "0",
        "tipsText": "待更新工况",
        "dataType": "40",
        "displayFlag": "1"
    },
    {
        "ioNo": "1912347341147340801",
        "ioName": "output",
        "unitNo": "1912347341147340800",
        "ioType": "1",
        "tipsText": "输出数据",
        "dataType": "41",
        "displayFlag": "1",
        "fileFlag": "0"
    },
    {
        "ioNo": "1849285777486249984",
        "ioName": "model2",
        "unitNo": "1849285747928989696",
        "ioType": "0",
        "tipsText": "输入数据",
        "dataType": "40",
        "displayFlag": "1",
        "autoReceive": " ",
        "specificTypes": ""
    },
    {
        "ioNo": "1912347341147340802",
        "ioName": "input2",
        "unitNo": "1912347341147340800",
        "ioType": "0",
        "tipsText": "原工况",
        "dataType": "41",
        "displayFlag": "1",
        "autoReceive": " ",
        "specificTypes": ""
    },
    {
        "ioNo": "1920654553993183233",
        "ioName": "output1",
        "unitNo": "1920654553988988928",
        "ioType": "1",
        "tipsText": "工况范围",
        "dataType": "41",
        "displayFlag": "1",
        "fileFlag": "0"
    },
    {
        "ioNo": "1920654553993183232",
        "ioName": "control",
        "unitNo": "1920654553988988928",
        "ioType": "0",
        "tipsText": "控制数据",
        "dataType": "1",
        "displayFlag": "1"
    },
    {
        "ioNo": "1920654553993183235",
        "ioName": "model_params",
        "unitNo": "1920654553988988928",
        "ioType": "0",
        "tipsText": "模型信息",
        "dataType": "41",
        "displayFlag": "1",
        "autoReceive": " ",
        "specificTypes": ""
    },
    {
        "ioNo": "1920654553993183234",
        "ioName": "feature",
        "unitNo": "1920654553988988928",
        "ioType": "0",
        "tipsText": "特征数据",
        "dataType": "1",
        "displayFlag": "1",
        "autoReceive": " ",
        "specificTypes": ""
    },
    {
        "ioNo": "1839232395761418240",
        "ioName": "input",
        "unitNo": "1839232395669143552",
        "ioType": "0",
        "tipsText": "输入数据",
        "dataType": "1",
        "displayFlag": "1"
    },
    {
        "ioNo": "1968569697272070144",
        "ioName": "gk",
        "unitNo": "1968563237154717696",
        "ioType": "0",
        "tipsText": "工况数据",
        "dataType": "41",
        "displayFlag": "1",
        "autoReceive": " ",
        "specificTypes": ""
    },
    {
        "ioNo": "1849285748000292864",
        "ioName": "model1",
        "unitNo": "1849285747928989696",
        "ioType": "0",
        "tipsText": "输入数据",
        "dataType": "40",
        "displayFlag": "1"
    },
    {
        "ioNo": "1881964098044821504",
        "ioName": "predict",
        "unitNo": "1881964097948352512",
        "ioType": "1",
        "tipsText": "预测数据",
        "dataType": "1",
        "displayFlag": "1",
        "fileFlag": "0"
    },
    {
        "ioNo": "1839586234553335808",
        "ioName": "input2",
        "unitNo": "1839586000947380224",
        "ioType": "0",
        "tipsText": "输入数据",
        "dataType": "1",
        "displayFlag": "1",
        "autoReceive": " ",
        "specificTypes": ""
    },
    {
        "ioNo": "1873987424942555136",
        "ioName": "loader_file",
        "unitNo": "1873987183895904256",
        "ioType": "0",
        "tipsText": "模型加载文件",
        "dataType": "40",
        "displayFlag": "1"
    },
    {
        "ioNo": "1912066826313924609",
        "ioName": "output",
        "unitNo": "1912066826313924608",
        "ioType": "1",
        "tipsText": "输出数据",
        "dataType": "1",
        "displayFlag": "1",
        "fileFlag": "1"
    },
    {
        "ioNo": "1881540823145775104",
        "ioName": "parameters",
        "unitNo": "1881540823049306112",
        "ioType": "1",
        "tipsText": "输出数据",
        "dataType": "5",
        "displayFlag": "1",
        "fileFlag": "0"
    },
    {
        "ioNo": "1944604925556162560",
        "ioName": "loader_file.py",
        "unitNo": "1944604925342253056",
        "ioType": "1",
        "tipsText": "输出数据",
        "dataType": "40",
        "displayFlag": "1",
        "fileFlag": "0"
    },
    {
        "ioNo": "1912053854803853312",
        "ioName": "input",
        "unitNo": "1912053854740938752",
        "ioType": "0",
        "tipsText": "待解析参数",
        "dataType": "41",
        "displayFlag": "1"
    },
    {
        "ioNo": "1857271691189682176",
        "ioName": "timestamp",
        "unitNo": "1854003562376331264",
        "ioType": "1",
        "tipsText": "输出时间戳",
        "dataType": "1",
        "displayFlag": "1",
        "autoReceive": " ",
        "specificTypes": "",
        "fileFlag": "1"
    },
    {
        "ioNo": "1912066826313924608",
        "ioName": "input",
        "unitNo": "1912066826313924608",
        "ioType": "0",
        "tipsText": "输入数据",
        "dataType": "41",
        "displayFlag": "1"
    },
    {
        "ioNo": "1881254051593584640",
        "ioName": "model_params",
        "unitNo": "1881157777657692160",
        "ioType": "0",
        "tipsText": "输入数据",
        "dataType": "41",
        "displayFlag": "1",
        "autoReceive": " ",
        "specificTypes": ""
    },
    {
        "ioNo": "1969314363684683776",
        "ioName": "input",
        "unitNo": "1969314363479162880",
        "ioType": "0",
        "tipsText": "输入数据",
        "dataType": "40",
        "displayFlag": "1"
    },
    {
        "ioNo": "1854003618525478912",
        "ioName": "output3",
        "unitNo": "1854003562376331264",
        "ioType": "1",
        "tipsText": "特征数据",
        "dataType": "1",
        "displayFlag": "1",
        "autoReceive": " ",
        "specificTypes": "",
        "fileFlag": "1"
    },
    {
        "ioNo": "1873987183958818816",
        "ioName": "model_file",
        "unitNo": "1873987183895904256",
        "ioType": "0",
        "tipsText": "模型文件",
        "dataType": "40",
        "displayFlag": "1"
    },
    {
        "ioNo": "1854003611298693120",
        "ioName": "input3",
        "unitNo": "1854003562376331264",
        "ioType": "0",
        "tipsText": "特征数据",
        "dataType": "1",
        "displayFlag": "1",
        "autoReceive": " ",
        "specificTypes": ""
    },
    {
        "ioNo": "1839586001052237824",
        "ioName": "input1",
        "unitNo": "1839586000947380224",
        "ioType": "0",
        "tipsText": "输入数据",
        "dataType": "1",
        "displayFlag": "1"
    },
    {
        "ioNo": "1909492526037860357",
        "ioName": "data",
        "unitNo": "1909492526037860352",
        "ioType": "1",
        "tipsText": "输出参数",
        "dataType": "1",
        "displayFlag": "1",
        "autoReceive": " ",
        "specificTypes": "",
        "fileFlag": "0"
    },
    {
        "ioNo": "1873986362164641792",
        "ioName": "input1",
        "unitNo": "1873986362072367104",
        "ioType": "0",
        "tipsText": "输入数据",
        "dataType": "1",
        "displayFlag": "1"
    },
    {
        "ioNo": "1909492526037860352",
        "ioName": "data",
        "unitNo": "1909492526037860352",
        "ioType": "0",
        "tipsText": "输入参数",
        "dataType": "1",
        "displayFlag": "1"
    },
    {
        "ioNo": "1968554391627628544",
        "ioName": "output",
        "unitNo": "1968554391430496256",
        "ioType": "1",
        "tipsText": "输出数据",
        "dataType": "41",
        "displayFlag": "1",
        "fileFlag": "0"
    },
    {
        "ioNo": "1796352554917953536",
        "ioName": "model_params",
        "unitNo": "1796352554905370624",
        "ioType": "0",
        "tipsText": "模型参数",
        "dataType": "41",
        "displayFlag": "1"
    },
    {
        "ioNo": "1854003562506354688",
        "ioName": "output1",
        "unitNo": "1854003562376331264",
        "ioType": "1",
        "tipsText": "控制数据",
        "dataType": "1",
        "displayFlag": "1",
        "fileFlag": "1"
    },
    {
        "ioNo": "1968554391623434240",
        "ioName": "model_params",
        "unitNo": "1968554391430496256",
        "ioType": "0",
        "tipsText": "模型配置",
        "dataType": "41",
        "displayFlag": "1"
    }
]