[
    {
        "paramNo": "1970731158614310912",
        "nodeNo": "1970731158601728000",
        "unitParamNo": "1970730911309758464",
        "paramVal": "4",
        "fieldType": "0",
        "paramId": "lookback_days",
        "promptText": "占位提示文本",
        "relationParam": "",
        "relationVal": "",
        "dataSource": "",
        "paramType": "0",
        "paramName": "烟雾反馈判断天数"
    },
    {
        "paramNo": "1920655371630804992",
        "nodeNo": "1920655371618222080",
        "unitParamNo": "1920654553993183232",
        "paramVal": "30",
        "fieldType": "5",
        "paramId": "min_num_of_working_condition",
        "promptText": "占位提示文本",
        "relationParam": "",
        "relationVal": "",
        "dataSource": "",
        "paramType": "0",
        "paramName": "每种工况最小样本数"
    },
    {
        "paramNo": "1920655371634999296",
        "nodeNo": "1920655371618222080",
        "unitParamNo": "1920654553997377536",
        "paramVal": "1",
        "fieldType": "1",
        "paramId": "remove",
        "promptText": "占位提示文本",
        "relationParam": "",
        "relationVal": "",
        "dataSource": "",
        "paramType": "0",
        "paramName": "清除本地结果"
    },
    {
        "paramNo": "1920655371639193600",
        "nodeNo": "1920655371618222080",
        "unitParamNo": "1920654553997377537",
        "paramVal": "75",
        "fieldType": "5",
        "paramId": "all_min_percentage",
        "promptText": "占位提示文本",
        "relationParam": "",
        "relationVal": "",
        "dataSource": "",
        "paramType": "0",
        "paramName": "全量工况 下限百分比"
    },
    {
        "paramNo": "1920655371643387904",
        "nodeNo": "1920655371618222080",
        "unitParamNo": "1920654553997377538",
        "paramVal": "95",
        "fieldType": "5",
        "paramId": "all_max_percentage",
        "promptText": "占位提示文本",
        "relationParam": "",
        "relationVal": "",
        "dataSource": "",
        "paramType": "0",
        "paramName": "全量工况 上限百分比"
    },
    {
        "paramNo": "1911678114602156032",
        "nodeNo": "1911678114581184512",
        "unitParamNo": "1873986597054054400",
        "paramVal": "mean_absolute_error,r2_score",
        "fieldType": "3",
        "paramId": "评估指标",
        "promptText": "占位提示文本",
        "relationParam": "",
        "relationVal": "",
        "dataSource": "",
        "paramType": "0",
        "paramName": "评估指标"
    },
    {
        "paramNo": "1911678114606350336",
        "nodeNo": "1911678114581184512",
        "unitParamNo": "1873986827191320576",
        "paramVal": "db101.AN_LK_1GL_FJ_212_02,db101.AN_LK_1GL_FJ_212_03,db101.AN_LK_1GL_FJ_213_21,db101.AN_LK_1GL_FJ_213_33",
        "fieldType": "7",
        "paramId": "标签字段",
        "promptText": "占位提示文本",
        "relationParam": "",
        "relationVal": "",
        "dataSource": "1873986362164641792",
        "paramType": "1",
        "paramName": "特征字段"
    },
    {
        "paramNo": "1911678114606350337",
        "nodeNo": "1911678114581184512",
        "unitParamNo": "1873986833021403136",
        "paramVal": "db101.AN_LK_1GL_FJ_212_02_predict,db101.AN_LK_1GL_FJ_212_03_predict,db101.AN_LK_1GL_FJ_213_21_predict,db101.AN_LK_1GL_FJ_213_33_predict",
        "fieldType": "8",
        "paramId": "预测字段",
        "promptText": "占位提示文本",
        "relationParam": "",
        "relationVal": "",
        "dataSource": "1873986362164641792",
        "paramType": "1",
        "paramName": "标签字段"
    },
    {
        "paramNo": "1912069257043116032",
        "nodeNo": "1912069257026338816",
        "unitParamNo": "1912066826313924608",
        "paramVal": "control_vars",
        "fieldType": "0",
        "paramId": "tag_name",
        "promptText": "占位提示文本",
        "relationParam": "",
        "relationVal": "",
        "dataSource": "",
        "paramType": "0",
        "paramName": "json中tag标签字段"
    },
    {
        "paramNo": "1912069257051504640",
        "nodeNo": "1912069257026338816",
        "unitParamNo": "1912066826313924609",
        "paramVal": "1",
        "fieldType": "1",
        "paramId": "return_timestamp",
        "promptText": "占位提示文本",
        "relationParam": "",
        "relationVal": "",
        "dataSource": "",
        "paramType": "0",
        "paramName": "是否返回时间戳"
    },
    {
        "paramNo": "1912069257055698944",
        "nodeNo": "1912069257026338816",
        "unitParamNo": "1912066826313924610",
        "paramVal": "%Y-%m-%d-%H:%M:%S",
        "fieldType": "0",
        "paramId": "timestamp_format",
        "promptText": "占位提示文本",
        "relationParam": "",
        "relationVal": "",
        "dataSource": "",
        "paramType": "0",
        "paramName": "时间戳格式"
    },
    {
        "paramNo": "1912083879632568320",
        "nodeNo": "1912083879619985408",
        "unitParamNo": "1912066826313924608",
        "paramVal": "target_vars",
        "fieldType": "0",
        "paramId": "tag_name",
        "promptText": "占位提示文本",
        "relationParam": "",
        "relationVal": "",
        "dataSource": "",
        "paramType": "0",
        "paramName": "json中tag标签字段"
    },
    {
        "paramNo": "1912083879636762624",
        "nodeNo": "1912083879619985408",
        "unitParamNo": "1912066826313924609",
        "paramVal": "1",
        "fieldType": "1",
        "paramId": "return_timestamp",
        "promptText": "占位提示文本",
        "relationParam": "",
        "relationVal": "",
        "dataSource": "",
        "paramType": "0",
        "paramName": "是否返回时间戳"
    },
    {
        "paramNo": "1912083879640956928",
        "nodeNo": "1912083879619985408",
        "unitParamNo": "1912066826313924610",
        "paramVal": "%Y-%m-%d-%H:%M:%S",
        "fieldType": "0",
        "paramId": "timestamp_format",
        "promptText": "占位提示文本",
        "relationParam": "",
        "relationVal": "",
        "dataSource": "",
        "paramType": "0",
        "paramName": "时间戳格式"
    },
    {
        "paramNo": "1912083889917001728",
        "nodeNo": "1912083889896030208",
        "unitParamNo": "1912066826313924608",
        "paramVal": "feature_vars",
        "fieldType": "0",
        "paramId": "tag_name",
        "promptText": "占位提示文本",
        "relationParam": "",
        "relationVal": "",
        "dataSource": "",
        "paramType": "0",
        "paramName": "json中tag标签字段"
    },
    {
        "paramNo": "1912083889921196032",
        "nodeNo": "1912083889896030208",
        "unitParamNo": "1912066826313924609",
        "paramVal": "1",
        "fieldType": "1",
        "paramId": "return_timestamp",
        "promptText": "占位提示文本",
        "relationParam": "",
        "relationVal": "",
        "dataSource": "",
        "paramType": "0",
        "paramName": "是否返回时间戳"
    },
    {
        "paramNo": "1912083889925390336",
        "nodeNo": "1912083889896030208",
        "unitParamNo": "1912066826313924610",
        "paramVal": "%Y-%m-%d-%H:%M:%S",
        "fieldType": "0",
        "paramId": "timestamp_format",
        "promptText": "占位提示文本",
        "relationParam": "",
        "relationVal": "",
        "dataSource": "",
        "paramType": "0",
        "paramName": "时间戳格式"
    },
    {
        "paramNo": "1911678114094645248",
        "nodeNo": "1911678114065285120",
        "unitParamNo": "1849296246330621952",
        "paramVal": "target_weight.json",
        "fieldType": "0",
        "paramId": "name1",
        "promptText": "不填默认为文件原名称",
        "relationParam": "",
        "relationVal": "",
        "dataSource": "",
        "paramType": "0",
        "paramName": "文件1名称"
    },
    {
        "paramNo": "1911678114098839552",
        "nodeNo": "1911678114065285120",
        "unitParamNo": "1849296251514781696",
        "paramVal": "target.json",
        "fieldType": "0",
        "paramId": "name2",
        "promptText": "不填默认为文件原名称",
        "relationParam": "",
        "relationVal": "",
        "dataSource": "",
        "paramType": "0",
        "paramName": "文件2名称"
    },
    {
        "paramNo": "1911678114103033856",
        "nodeNo": "1911678114065285120",
        "unitParamNo": "1851456972579143680",
        "paramVal": "0",
        "fieldType": "1",
        "paramId": "file1_zip",
        "promptText": "占位提示文本",
        "relationParam": "",
        "relationVal": "",
        "dataSource": "",
        "paramType": "0",
        "paramName": "文件1是否为压缩文件"
    },
    {
        "paramNo": "1911678114107228160",
        "nodeNo": "1911678114065285120",
        "unitParamNo": "1851457048449908736",
        "paramVal": "0",
        "fieldType": "1",
        "paramId": "file2_zip",
        "promptText": "占位提示文本",
        "relationParam": "",
        "relationVal": "",
        "dataSource": "",
        "paramType": "0",
        "paramName": "文件2是否为压缩文件"
    },
    {
        "paramNo": "1911678113889124352",
        "nodeNo": "1911678113855569920",
        "unitParamNo": "1839232499461390336",
        "paramVal": "timestamp",
        "fieldType": "7",
        "paramId": "特征字段",
        "promptText": "占位提示文本",
        "relationParam": "",
        "relationVal": "",
        "dataSource": "1839232395761418240",
        "paramType": "1",
        "paramName": "特征字段"
    },
    {
        "paramNo": "1911678113893318656",
        "nodeNo": "1911678113855569920",
        "unitParamNo": "1839232952693686272",
        "paramVal": "0",
        "fieldType": "1",
        "paramId": "year",
        "promptText": "占位提示文本",
        "relationParam": "",
        "relationVal": "",
        "dataSource": "",
        "paramType": "0",
        "paramName": "年"
    },
    {
        "paramNo": "1911678113897512960",
        "nodeNo": "1911678113855569920",
        "unitParamNo": "1839232958506991616",
        "paramVal": "0",
        "fieldType": "1",
        "paramId": "month",
        "promptText": "占位提示文本",
        "relationParam": "",
        "relationVal": "",
        "dataSource": "",
        "paramType": "0",
        "paramName": "月"
    },
    {
        "paramNo": "1911678113901707264",
        "nodeNo": "1911678113855569920",
        "unitParamNo": "1839232962931982336",
        "paramVal": "0",
        "fieldType": "1",
        "paramId": "day",
        "promptText": "占位提示文本",
        "relationParam": "",
        "relationVal": "",
        "dataSource": "",
        "paramType": "0",
        "paramName": "日"
    },
    {
        "paramNo": "1911678113905901568",
        "nodeNo": "1911678113855569920",
        "unitParamNo": "1839232967503773696",
        "paramVal": "0",
        "fieldType": "1",
        "paramId": "week",
        "promptText": "占位提示文本",
        "relationParam": "",
        "relationVal": "",
        "dataSource": "",
        "paramType": "0",
        "paramName": "周"
    },
    {
        "paramNo": "1911678113905901569",
        "nodeNo": "1911678113855569920",
        "unitParamNo": "1839232972809568256",
        "paramVal": "0",
        "fieldType": "1",
        "paramId": "hour",
        "promptText": "占位提示文本",
        "relationParam": "",
        "relationVal": "",
        "dataSource": "",
        "paramType": "0",
        "paramName": "小时"
    },
    {
        "paramNo": "1911678113910095872",
        "nodeNo": "1911678113855569920",
        "unitParamNo": "1839233197649428480",
        "paramVal": "0",
        "fieldType": "1",
        "paramId": "minute",
        "promptText": "占位提示文本",
        "relationParam": "",
        "relationVal": "",
        "dataSource": "",
        "paramType": "0",
        "paramName": "分钟"
    },
    {
        "paramNo": "1911678113914290176",
        "nodeNo": "1911678113855569920",
        "unitParamNo": "1839233206092562432",
        "paramVal": "0",
        "fieldType": "1",
        "paramId": "second",
        "promptText": "占位提示文本",
        "relationParam": "",
        "relationVal": "",
        "dataSource": "",
        "paramType": "0",
        "paramName": "秒"
    },
    {
        "paramNo": "1911678113914290177",
        "nodeNo": "1911678113855569920",
        "unitParamNo": "1839238641516281856",
        "paramVal": "0",
        "fieldType": "1",
        "paramId": "day_of_week",
        "promptText": "占位提示文本",
        "relationParam": "",
        "relationVal": "",
        "dataSource": "",
        "paramType": "0",
        "paramName": "星期数"
    },
    {
        "paramNo": "1911678113918484480",
        "nodeNo": "1911678113855569920",
        "unitParamNo": "1839239066986479616",
        "paramVal": "0",
        "fieldType": "1",
        "paramId": "day_of_year",
        "promptText": "占位提示文本",
        "relationParam": "",
        "relationVal": "",
        "dataSource": "",
        "paramType": "0",
        "paramName": "当前总天数"
    },
    {
        "paramNo": "1911678113922678784",
        "nodeNo": "1911678113855569920",
        "unitParamNo": "1878812759341137920",
        "paramVal": "0",
        "fieldType": "1",
        "paramId": "day&night",
        "promptText": "占位提示文本",
        "relationParam": "",
        "relationVal": "",
        "dataSource": "",
        "paramType": "0",
        "paramName": "白天/黑夜"
    },
    {
        "paramNo": "1911678114291777536",
        "nodeNo": "1911678114266611712",
        "unitParamNo": "1849296246330621952",
        "paramVal": "",
        "fieldType": "0",
        "paramId": "name1",
        "promptText": "不填默认为文件原名称",
        "relationParam": "",
        "relationVal": "",
        "dataSource": "",
        "paramType": "0",
        "paramName": "文件1名称"
    },
    {
        "paramNo": "1911678114291777537",
        "nodeNo": "1911678114266611712",
        "unitParamNo": "1849296251514781696",
        "paramVal": "model_params.json",
        "fieldType": "0",
        "paramId": "name2",
        "promptText": "不填默认为文件原名称",
        "relationParam": "",
        "relationVal": "",
        "dataSource": "",
        "paramType": "0",
        "paramName": "文件2名称"
    },
    {
        "paramNo": "1911678114295971840",
        "nodeNo": "1911678114266611712",
        "unitParamNo": "1851456972579143680",
        "paramVal": "1",
        "fieldType": "1",
        "paramId": "file1_zip",
        "promptText": "占位提示文本",
        "relationParam": "",
        "relationVal": "",
        "dataSource": "",
        "paramType": "0",
        "paramName": "文件1是否为压缩文件"
    },
    {
        "paramNo": "1911678114295971841",
        "nodeNo": "1911678114266611712",
        "unitParamNo": "1851457048449908736",
        "paramVal": "0",
        "fieldType": "1",
        "paramId": "file2_zip",
        "promptText": "占位提示文本",
        "relationParam": "",
        "relationVal": "",
        "dataSource": "",
        "paramType": "0",
        "paramName": "文件2是否为压缩文件"
    },
    {
        "paramNo": "1911678114325331968",
        "nodeNo": "1911678114300166144",
        "unitParamNo": "1849296246330621952",
        "paramVal": "",
        "fieldType": "0",
        "paramId": "name1",
        "promptText": "不填默认为文件原名称",
        "relationParam": "",
        "relationVal": "",
        "dataSource": "",
        "paramType": "0",
        "paramName": "文件1名称"
    },
    {
        "paramNo": "1911678114325331969",
        "nodeNo": "1911678114300166144",
        "unitParamNo": "1849296251514781696",
        "paramVal": "",
        "fieldType": "0",
        "paramId": "name2",
        "promptText": "不填默认为文件原名称",
        "relationParam": "",
        "relationVal": "",
        "dataSource": "",
        "paramType": "0",
        "paramName": "文件2名称"
    },
    {
        "paramNo": "1911678114329526272",
        "nodeNo": "1911678114300166144",
        "unitParamNo": "1851456972579143680",
        "paramVal": "1",
        "fieldType": "1",
        "paramId": "file1_zip",
        "promptText": "占位提示文本",
        "relationParam": "",
        "relationVal": "",
        "dataSource": "",
        "paramType": "0",
        "paramName": "文件1是否为压缩文件"
    },
    {
        "paramNo": "1911678114333720576",
        "nodeNo": "1911678114300166144",
        "unitParamNo": "1851457048449908736",
        "paramVal": "1",
        "fieldType": "1",
        "paramId": "file2_zip",
        "promptText": "占位提示文本",
        "relationParam": "",
        "relationVal": "",
        "dataSource": "",
        "paramType": "0",
        "paramName": "文件2是否为压缩文件"
    },
    {
        "paramNo": "1911678114576990208",
        "nodeNo": "1911678114556018688",
        "unitParamNo": "1882594313154592768",
        "paramVal": "10",
        "fieldType": "5",
        "paramId": "n_jobs",
        "promptText": "占位提示文本",
        "relationParam": "",
        "relationVal": "",
        "dataSource": "",
        "paramType": "0",
        "paramName": "并行计算数"
    },
    {
        "paramNo": "1911678114799288320",
        "nodeNo": "1911678114782511104",
        "unitParamNo": "1849296246330621952",
        "paramVal": "",
        "fieldType": "0",
        "paramId": "name1",
        "promptText": "不填默认为文件原名称",
        "relationParam": "",
        "relationVal": "",
        "dataSource": "",
        "paramType": "0",
        "paramName": "文件1名称"
    },
    {
        "paramNo": "1911678114803482624",
        "nodeNo": "1911678114782511104",
        "unitParamNo": "1849296251514781696",
        "paramVal": "search_dist.json",
        "fieldType": "0",
        "paramId": "name2",
        "promptText": "不填默认为文件原名称",
        "relationParam": "",
        "relationVal": "",
        "dataSource": "",
        "paramType": "0",
        "paramName": "文件2名称"
    },
    {
        "paramNo": "1911678114803482625",
        "nodeNo": "1911678114782511104",
        "unitParamNo": "1851456972579143680",
        "paramVal": "1",
        "fieldType": "1",
        "paramId": "file1_zip",
        "promptText": "占位提示文本",
        "relationParam": "",
        "relationVal": "",
        "dataSource": "",
        "paramType": "0",
        "paramName": "文件1是否为压缩文件"
    },
    {
        "paramNo": "1911678114807676928",
        "nodeNo": "1911678114782511104",
        "unitParamNo": "1851457048449908736",
        "paramVal": "0",
        "fieldType": "1",
        "paramId": "file2_zip",
        "promptText": "占位提示文本",
        "relationParam": "",
        "relationVal": "",
        "dataSource": "",
        "paramType": "0",
        "paramName": "文件2是否为压缩文件"
    },
    {
        "paramNo": "1915308684041256960",
        "nodeNo": "1915308684024479744",
        "unitParamNo": "1913160975280766976",
        "paramVal": "5",
        "fieldType": "5",
        "paramId": "max_switch_unique",
        "promptText": "开关量种类数量上限",
        "relationParam": "",
        "relationVal": "",
        "dataSource": "",
        "paramType": "0",
        "paramName": "开关量种类数量上限"
    },
    {
        "paramNo": "1915308684045451264",
        "nodeNo": "1915308684024479744",
        "unitParamNo": "1913169056291094528",
        "paramVal": "151",
        "fieldType": "5",
        "paramId": "n_estimators",
        "promptText": "孤立森林中树的数量",
        "relationParam": "",
        "relationVal": "",
        "dataSource": "",
        "paramType": "0",
        "paramName": "ISO n_estimators"
    },
    {
        "paramNo": "1915308684049645568",
        "nodeNo": "1915308684024479744",
        "unitParamNo": "1913170046268473344",
        "paramVal": "1",
        "fieldType": "5",
        "paramId": "max_features",
        "promptText": "每棵树使用的特征比例",
        "relationParam": "",
        "relationVal": "",
        "dataSource": "",
        "paramType": "0",
        "paramName": "ISO 单树特征比例"
    },
    {
        "paramNo": "1915308684053839872",
        "nodeNo": "1915308684024479744",
        "unitParamNo": "1915206638533345280",
        "paramVal": "auto",
        "fieldType": "0",
        "paramId": "contamination",
        "promptText": "ISO 预期异常值比例",
        "relationParam": "",
        "relationVal": "",
        "dataSource": "",
        "paramType": "0",
        "paramName": "ISO 预期异常值比例"
    },
    {
        "paramNo": "1915308684062228480",
        "nodeNo": "1915308684024479744",
        "unitParamNo": "1915207962448625664",
        "paramVal": "0.01",
        "fieldType": "5",
        "paramId": "quantile",
        "promptText": "IQR 分位数阈值",
        "relationParam": "",
        "relationVal": "",
        "dataSource": "",
        "paramType": "0",
        "paramName": "ISO 分位数阈值"
    },
    {
        "paramNo": "1915308684066422784",
        "nodeNo": "1915308684024479744",
        "unitParamNo": "1915208292708122624",
        "paramVal": "1.1",
        "fieldType": "5",
        "paramId": "multiplier",
        "promptText": "IQR 异常值阈值倍数",
        "relationParam": "",
        "relationVal": "",
        "dataSource": "",
        "paramType": "0",
        "paramName": "IQR 异常值阈值倍数"
    },
    {
        "paramNo": "1915308684070617088",
        "nodeNo": "1915308684024479744",
        "unitParamNo": "1915211317044576256",
        "paramVal": "0",
        "fieldType": "1",
        "paramId": "use_iso_forest",
        "promptText": "占位提示文本",
        "relationParam": "",
        "relationVal": "",
        "dataSource": "",
        "paramType": "0",
        "paramName": "使用孤立森林剔除"
    },
    {
        "paramNo": "1915308684074811392",
        "nodeNo": "1915308684024479744",
        "unitParamNo": "1915211397940117504",
        "paramVal": "0",
        "fieldType": "1",
        "paramId": "use_iqr",
        "promptText": "占位提示文本",
        "relationParam": "",
        "relationVal": "",
        "dataSource": "",
        "paramType": "0",
        "paramName": "使用四分位距剔除"
    },
    {
        "paramNo": "1915308814291173376",
        "nodeNo": "1915308814274396160",
        "unitParamNo": "1913160975280766976",
        "paramVal": "5",
        "fieldType": "5",
        "paramId": "max_switch_unique",
        "promptText": "开关量种类数量上限",
        "relationParam": "",
        "relationVal": "",
        "dataSource": "",
        "paramType": "0",
        "paramName": "开关量种类数量上限"
    },
    {
        "paramNo": "1915308814295367680",
        "nodeNo": "1915308814274396160",
        "unitParamNo": "1913169056291094528",
        "paramVal": "100",
        "fieldType": "5",
        "paramId": "n_estimators",
        "promptText": "孤立森林中树的数量",
        "relationParam": "",
        "relationVal": "",
        "dataSource": "",
        "paramType": "0",
        "paramName": "ISO n_estimators"
    },
    {
        "paramNo": "1915308814299561984",
        "nodeNo": "1915308814274396160",
        "unitParamNo": "1913170046268473344",
        "paramVal": "1",
        "fieldType": "5",
        "paramId": "max_features",
        "promptText": "每棵树使用的特征比例",
        "relationParam": "",
        "relationVal": "",
        "dataSource": "",
        "paramType": "0",
        "paramName": "ISO 单树特征比例"
    },
    {
        "paramNo": "1915308814307950592",
        "nodeNo": "1915308814274396160",
        "unitParamNo": "1915206638533345280",
        "paramVal": "auto",
        "fieldType": "0",
        "paramId": "contamination",
        "promptText": "ISO 预期异常值比例",
        "relationParam": "",
        "relationVal": "",
        "dataSource": "",
        "paramType": "0",
        "paramName": "ISO 预期异常值比例"
    },
    {
        "paramNo": "1915308814312144896",
        "nodeNo": "1915308814274396160",
        "unitParamNo": "1915207962448625664",
        "paramVal": "0.01",
        "fieldType": "5",
        "paramId": "quantile",
        "promptText": "IQR 分位数阈值",
        "relationParam": "",
        "relationVal": "",
        "dataSource": "",
        "paramType": "0",
        "paramName": "ISO 分位数阈值"
    },
    {
        "paramNo": "1915308814316339200",
        "nodeNo": "1915308814274396160",
        "unitParamNo": "1915208292708122624",
        "paramVal": "1.5",
        "fieldType": "5",
        "paramId": "multiplier",
        "promptText": "IQR 异常值阈值倍数",
        "relationParam": "",
        "relationVal": "",
        "dataSource": "",
        "paramType": "0",
        "paramName": "IQR 异常值阈值倍数"
    },
    {
        "paramNo": "1915308814320533504",
        "nodeNo": "1915308814274396160",
        "unitParamNo": "1915211317044576256",
        "paramVal": "0",
        "fieldType": "1",
        "paramId": "use_iso_forest",
        "promptText": "占位提示文本",
        "relationParam": "",
        "relationVal": "",
        "dataSource": "",
        "paramType": "0",
        "paramName": "使用孤立森林剔除"
    },
    {
        "paramNo": "1915308814324727808",
        "nodeNo": "1915308814274396160",
        "unitParamNo": "1915211397940117504",
        "paramVal": "0",
        "fieldType": "1",
        "paramId": "use_iqr",
        "promptText": "占位提示文本",
        "relationParam": "",
        "relationVal": "",
        "dataSource": "",
        "paramType": "0",
        "paramName": "使用四分位距剔除"
    },
    {
        "paramNo": "1915308841080193024",
        "nodeNo": "1915308841063415808",
        "unitParamNo": "1913160975280766976",
        "paramVal": "5",
        "fieldType": "5",
        "paramId": "max_switch_unique",
        "promptText": "开关量种类数量上限",
        "relationParam": "",
        "relationVal": "",
        "dataSource": "",
        "paramType": "0",
        "paramName": "开关量种类数量上限"
    },
    {
        "paramNo": "1915308841084387328",
        "nodeNo": "1915308841063415808",
        "unitParamNo": "1913169056291094528",
        "paramVal": "100",
        "fieldType": "5",
        "paramId": "n_estimators",
        "promptText": "孤立森林中树的数量",
        "relationParam": "",
        "relationVal": "",
        "dataSource": "",
        "paramType": "0",
        "paramName": "ISO n_estimators"
    },
    {
        "paramNo": "1915308841088581632",
        "nodeNo": "1915308841063415808",
        "unitParamNo": "1913170046268473344",
        "paramVal": "1",
        "fieldType": "5",
        "paramId": "max_features",
        "promptText": "每棵树使用的特征比例",
        "relationParam": "",
        "relationVal": "",
        "dataSource": "",
        "paramType": "0",
        "paramName": "ISO 单树特征比例"
    },
    {
        "paramNo": "1915308841092775936",
        "nodeNo": "1915308841063415808",
        "unitParamNo": "1915206638533345280",
        "paramVal": "auto",
        "fieldType": "0",
        "paramId": "contamination",
        "promptText": "ISO 预期异常值比例",
        "relationParam": "",
        "relationVal": "",
        "dataSource": "",
        "paramType": "0",
        "paramName": "ISO 预期异常值比例"
    },
    {
        "paramNo": "1915308841096970240",
        "nodeNo": "1915308841063415808",
        "unitParamNo": "1915207962448625664",
        "paramVal": "0.01",
        "fieldType": "5",
        "paramId": "quantile",
        "promptText": "IQR 分位数阈值",
        "relationParam": "",
        "relationVal": "",
        "dataSource": "",
        "paramType": "0",
        "paramName": "ISO 分位数阈值"
    },
    {
        "paramNo": "1915308841101164544",
        "nodeNo": "1915308841063415808",
        "unitParamNo": "1915208292708122624",
        "paramVal": "1.5",
        "fieldType": "5",
        "paramId": "multiplier",
        "promptText": "IQR 异常值阈值倍数",
        "relationParam": "",
        "relationVal": "",
        "dataSource": "",
        "paramType": "0",
        "paramName": "IQR 异常值阈值倍数"
    },
    {
        "paramNo": "1915308841105358848",
        "nodeNo": "1915308841063415808",
        "unitParamNo": "1915211317044576256",
        "paramVal": "0",
        "fieldType": "1",
        "paramId": "use_iso_forest",
        "promptText": "占位提示文本",
        "relationParam": "",
        "relationVal": "",
        "dataSource": "",
        "paramType": "0",
        "paramName": "使用孤立森林剔除"
    },
    {
        "paramNo": "1915308841109553152",
        "nodeNo": "1915308841063415808",
        "unitParamNo": "1915211397940117504",
        "paramVal": "0",
        "fieldType": "1",
        "paramId": "use_iqr",
        "promptText": "占位提示文本",
        "relationParam": "",
        "relationVal": "",
        "dataSource": "",
        "paramType": "0",
        "paramName": "使用四分位距剔除"
    },
    {
        "paramNo": "1911678114652487680",
        "nodeNo": "1911678114631516160",
        "unitParamNo": "1873987920008839168",
        "paramVal": "http://172.16.134.122:8900",
        "fieldType": "0",
        "paramId": "服务地址",
        "promptText": "占位提示文本",
        "relationParam": "",
        "relationVal": "",
        "dataSource": "",
        "paramType": "0",
        "paramName": "服务地址"
    },
    {
        "paramNo": "1911678114656681984",
        "nodeNo": "1911678114631516160",
        "unitParamNo": "1873987934336581632",
        "paramVal": "V6模型测试",
        "fieldType": "0",
        "paramId": "服务名称",
        "promptText": "占位提示文本",
        "relationParam": "",
        "relationVal": "",
        "dataSource": "",
        "paramType": "0",
        "paramName": "服务名称"
    },
    {
        "paramNo": "1911678114656681985",
        "nodeNo": "1911678114631516160",
        "unitParamNo": "1873988003815227392",
        "paramVal": "0",
        "fieldType": "2",
        "paramId": "生成规则",
        "promptText": "占位提示文本",
        "relationParam": "",
        "relationVal": "",
        "dataSource": "",
        "paramType": "0",
        "paramName": "生成规则"
    },
    {
        "paramNo": "1911678114660876288",
        "nodeNo": "1911678114631516160",
        "unitParamNo": "1873988011075567616",
        "paramVal": "1",
        "fieldType": "2",
        "paramId": "是否自动上线",
        "promptText": "占位提示文本",
        "relationParam": "",
        "relationVal": "",
        "dataSource": "",
        "paramType": "0",
        "paramName": "是否自动上线"
    },
    {
        "paramNo": "1913468776880275456",
        "nodeNo": "1913468776863498240",
        "unitParamNo": "1912404955264712704",
        "paramVal": "0",
        "fieldType": "0",
        "paramId": "threshold",
        "promptText": "占位提示文本",
        "relationParam": "",
        "relationVal": "",
        "dataSource": "",
        "paramType": "0",
        "paramName": "相关系数阈值"
    },
    {
        "paramNo": "1913468776884469760",
        "nodeNo": "1913468776863498240",
        "unitParamNo": "1913440413847388160",
        "paramVal": "1",
        "fieldType": "1",
        "paramId": "remove",
        "promptText": "占位提示文本",
        "relationParam": "",
        "relationVal": "",
        "dataSource": "",
        "paramType": "0",
        "paramName": "清除本地结果"
    },
    {
        "paramNo": "1911678114224668672",
        "nodeNo": "1911678114199502848",
        "unitParamNo": "1849296246330621952",
        "paramVal": "",
        "fieldType": "0",
        "paramId": "name1",
        "promptText": "不填默认为文件原名称",
        "relationParam": "",
        "relationVal": "",
        "dataSource": "",
        "paramType": "0",
        "paramName": "文件1名称"
    },
    {
        "paramNo": "1911678114228862976",
        "nodeNo": "1911678114199502848",
        "unitParamNo": "1849296251514781696",
        "paramVal": "gmm.m",
        "fieldType": "0",
        "paramId": "name2",
        "promptText": "不填默认为文件原名称",
        "relationParam": "",
        "relationVal": "",
        "dataSource": "",
        "paramType": "0",
        "paramName": "文件2名称"
    },
    {
        "paramNo": "1911678114233057280",
        "nodeNo": "1911678114199502848",
        "unitParamNo": "1851456972579143680",
        "paramVal": "1",
        "fieldType": "1",
        "paramId": "file1_zip",
        "promptText": "占位提示文本",
        "relationParam": "",
        "relationVal": "",
        "dataSource": "",
        "paramType": "0",
        "paramName": "文件1是否为压缩文件"
    },
    {
        "paramNo": "1911678114237251584",
        "nodeNo": "1911678114199502848",
        "unitParamNo": "1851457048449908736",
        "paramVal": "0",
        "fieldType": "1",
        "paramId": "file2_zip",
        "promptText": "占位提示文本",
        "relationParam": "",
        "relationVal": "",
        "dataSource": "",
        "paramType": "0",
        "paramName": "文件2是否为压缩文件"
    },
    {
        "paramNo": "1914229525466578944",
        "nodeNo": "1914229525458190336",
        "unitParamNo": "1914227527354679296",
        "paramVal": "/rest/diexec/file/download?filePath=/dataset/1970657750643752960.zip",
        "fieldType": "10",
        "paramId": "url",
        "promptText": "占位提示文本",
        "relationParam": "",
        "relationVal": "",
        "dataSource": "",
        "paramType": "0",
        "paramName": "数据集地址"
    },
    {
        "paramNo": "1927661813760000000",
        "nodeNo": "1927661813747417088",
        "unitParamNo": "1927661740674252800",
        "paramVal": "1",
        "fieldType": "1",
        "paramId": "clear_cache",
        "promptText": "占位提示文本",
        "relationParam": "",
        "relationVal": "",
        "dataSource": "",
        "paramType": "0",
        "paramName": "清除缓存"
    },
    {
        "paramNo": "1911678113725546496",
        "nodeNo": "1911678113687797760",
        "unitParamNo": "1873987920008839168",
        "paramVal": "http://172.16.134.122:8900",
        "fieldType": "0",
        "paramId": "服务地址",
        "promptText": "占位提示文本",
        "relationParam": "",
        "relationVal": "",
        "dataSource": "",
        "paramType": "0",
        "paramName": "服务地址"
    },
    {
        "paramNo": "1911678113729740800",
        "nodeNo": "1911678113687797760",
        "unitParamNo": "1873987934336581632",
        "paramVal": "1#高炉出铁场环境0918",
        "fieldType": "0",
        "paramId": "服务名称",
        "promptText": "占位提示文本",
        "relationParam": "",
        "relationVal": "",
        "dataSource": "",
        "paramType": "0",
        "paramName": "服务名称"
    },
    {
        "paramNo": "1911678113733935104",
        "nodeNo": "1911678113687797760",
        "unitParamNo": "1873988003815227392",
        "paramVal": "1",
        "fieldType": "2",
        "paramId": "生成规则",
        "promptText": "占位提示文本",
        "relationParam": "",
        "relationVal": "",
        "dataSource": "",
        "paramType": "0",
        "paramName": "生成规则"
    },
    {
        "paramNo": "1911678113738129408",
        "nodeNo": "1911678113687797760",
        "unitParamNo": "1873988011075567616",
        "paramVal": "1",
        "fieldType": "2",
        "paramId": "是否自动上线",
        "promptText": "占位提示文本",
        "relationParam": "",
        "relationVal": "",
        "dataSource": "",
        "paramType": "0",
        "paramName": "是否自动上线"
    }
]