[
    {
        "paramNo": "1873988003815227392",
        "unitNo": "1873987183895904256",
        "fieldType": "2",
        "paramType": "0",
        "paramId": "生成规则",
        "paramName": "生成规则",
        "defaultVal": "0",
        "requireFlag": "0",
        "hideFlag": "0",
        "promptText": "占位提示文本",
        "dataSource": "",
        "relationFlag": "0",
        "relationParam": "",
        "relationVal": ""
    },
    {
        "paramNo": "1878812759341137920",
        "unitNo": "1839232395669143552",
        "fieldType": "1",
        "paramType": "0",
        "paramId": "day&night",
        "paramName": "白天/黑夜",
        "defaultVal": "0",
        "requireFlag": "0",
        "hideFlag": "0",
        "promptText": "占位提示文本",
        "dataSource": "",
        "relationFlag": "0",
        "relationParam": "",
        "relationVal": ""
    },
    {
        "paramNo": "1839232967503773696",
        "unitNo": "1839232395669143552",
        "fieldType": "1",
        "paramType": "0",
        "paramId": "week",
        "paramName": "周",
        "defaultVal": "0",
        "requireFlag": "0",
        "hideFlag": "0",
        "promptText": "占位提示文本",
        "dataSource": "",
        "relationFlag": "0",
        "relationParam": "",
        "relationVal": ""
    },
    {
        "paramNo": "1839233206092562432",
        "unitNo": "1839232395669143552",
        "fieldType": "1",
        "paramType": "0",
        "paramId": "second",
        "paramName": "秒",
        "defaultVal": "0",
        "requireFlag": "0",
        "hideFlag": "0",
        "promptText": "占位提示文本",
        "dataSource": "",
        "relationFlag": "0",
        "relationParam": "",
        "relationVal": ""
    },
    {
        "paramNo": "1873986597054054400",
        "unitNo": "1873986362072367104",
        "fieldType": "3",
        "paramType": "0",
        "paramId": "评估指标",
        "paramName": "评估指标",
        "defaultVal": "",
        "requireFlag": "0",
        "hideFlag": "0",
        "promptText": "占位提示文本",
        "dataSource": "",
        "relationFlag": "0",
        "relationParam": "",
        "relationVal": ""
    },
    {
        "paramNo": "1839232499461390336",
        "unitNo": "1839232395669143552",
        "fieldType": "7",
        "paramType": "1",
        "paramId": "特征字段",
        "paramName": "特征字段",
        "defaultVal": "",
        "requireFlag": "0",
        "hideFlag": "0",
        "promptText": "占位提示文本",
        "dataSource": "1839232395761418240",
        "relationFlag": "0",
        "relationParam": "",
        "relationVal": ""
    },
    {
        "paramNo": "1913160975280766976",
        "unitNo": "1909492526037860352",
        "fieldType": "5",
        "paramType": "0",
        "paramId": "max_switch_unique",
        "paramName": "开关量种类数量上限",
        "defaultVal": "5",
        "requireFlag": "0",
        "hideFlag": "0",
        "promptText": "开关量种类数量上限",
        "dataSource": "",
        "relationFlag": "0",
        "relationParam": "",
        "relationVal": ""
    },
    {
        "paramNo": "1839232952693686272",
        "unitNo": "1839232395669143552",
        "fieldType": "1",
        "paramType": "0",
        "paramId": "year",
        "paramName": "年",
        "defaultVal": "0",
        "requireFlag": "0",
        "hideFlag": "0",
        "promptText": "占位提示文本",
        "dataSource": "",
        "relationFlag": "0",
        "relationParam": "",
        "relationVal": ""
    },
    {
        "paramNo": "1851457048449908736",
        "unitNo": "1849285747928989696",
        "fieldType": "1",
        "paramType": "0",
        "paramId": "file2_zip",
        "paramName": "文件2是否为压缩文件",
        "defaultVal": "0",
        "requireFlag": "0",
        "hideFlag": "0",
        "promptText": "占位提示文本",
        "dataSource": "",
        "relationFlag": "0",
        "relationParam": "",
        "relationVal": ""
    },
    {
        "paramNo": "1920654553993183232",
        "unitNo": "1920654553988988928",
        "fieldType": "5",
        "paramType": "0",
        "paramId": "min_num_of_working_condition",
        "paramName": "每种工况最小样本数",
        "defaultVal": "30",
        "requireFlag": "1",
        "hideFlag": "0",
        "promptText": "占位提示文本",
        "dataSource": "",
        "relationFlag": "0",
        "relationParam": "",
        "relationVal": ""
    },
    {
        "paramNo": "1839232958506991616",
        "unitNo": "1839232395669143552",
        "fieldType": "1",
        "paramType": "0",
        "paramId": "month",
        "paramName": "月",
        "defaultVal": "0",
        "requireFlag": "0",
        "hideFlag": "0",
        "promptText": "占位提示文本",
        "dataSource": "",
        "relationFlag": "0",
        "relationParam": "",
        "relationVal": ""
    },
    {
        "paramNo": "1914227527354679296",
        "unitNo": "1914226509145440256",
        "fieldType": "10",
        "paramType": "0",
        "paramId": "url",
        "paramName": "数据集地址",
        "defaultVal": "",
        "requireFlag": "0",
        "hideFlag": "0",
        "promptText": "占位提示文本",
        "dataSource": "",
        "relationFlag": "0",
        "relationParam": "",
        "relationVal": ""
    },
    {
        "paramNo": "1913170046268473344",
        "unitNo": "1909492526037860352",
        "fieldType": "5",
        "paramType": "0",
        "paramId": "max_features",
        "paramName": "ISO 单树特征比例",
        "defaultVal": "1",
        "requireFlag": "0",
        "hideFlag": "0",
        "promptText": "每棵树使用的特征比例",
        "dataSource": "",
        "relationFlag": "0",
        "relationParam": "",
        "relationVal": ""
    },
    {
        "paramNo": "1873986827191320576",
        "unitNo": "1873986362072367104",
        "fieldType": "7",
        "paramType": "1",
        "paramId": "标签字段",
        "paramName": "特征字段",
        "defaultVal": "",
        "requireFlag": "0",
        "hideFlag": "0",
        "promptText": "占位提示文本",
        "dataSource": "1873986362164641792",
        "relationFlag": "0",
        "relationParam": "",
        "relationVal": ""
    },
    {
        "paramNo": "1873986833021403136",
        "unitNo": "1873986362072367104",
        "fieldType": "8",
        "paramType": "1",
        "paramId": "预测字段",
        "paramName": "标签字段",
        "defaultVal": "",
        "requireFlag": "0",
        "hideFlag": "0",
        "promptText": "占位提示文本",
        "dataSource": "1873986362164641792",
        "relationFlag": "0",
        "relationParam": "",
        "relationVal": ""
    },
    {
        "paramNo": "1839233197649428480",
        "unitNo": "1839232395669143552",
        "fieldType": "1",
        "paramType": "0",
        "paramId": "minute",
        "paramName": "分钟",
        "defaultVal": "0",
        "requireFlag": "0",
        "hideFlag": "0",
        "promptText": "占位提示文本",
        "dataSource": "",
        "relationFlag": "0",
        "relationParam": "",
        "relationVal": ""
    },
    {
        "paramNo": "1920654553997377538",
        "unitNo": "1920654553988988928",
        "fieldType": "5",
        "paramType": "0",
        "paramId": "all_max_percentage",
        "paramName": "全量工况 上限百分比",
        "defaultVal": "95",
        "requireFlag": "0",
        "hideFlag": "0",
        "promptText": "占位提示文本",
        "dataSource": "",
        "relationFlag": "0",
        "relationParam": "",
        "relationVal": ""
    },
    {
        "paramNo": "1851456972579143680",
        "unitNo": "1849285747928989696",
        "fieldType": "1",
        "paramType": "0",
        "paramId": "file1_zip",
        "paramName": "文件1是否为压缩文件",
        "defaultVal": "0",
        "requireFlag": "0",
        "hideFlag": "0",
        "promptText": "占位提示文本",
        "dataSource": "",
        "relationFlag": "0",
        "relationParam": "",
        "relationVal": ""
    },
    {
        "paramNo": "1920654553997377537",
        "unitNo": "1920654553988988928",
        "fieldType": "5",
        "paramType": "0",
        "paramId": "all_min_percentage",
        "paramName": "全量工况 下限百分比",
        "defaultVal": "75",
        "requireFlag": "0",
        "hideFlag": "0",
        "promptText": "占位提示文本",
        "dataSource": "",
        "relationFlag": "0",
        "relationParam": "",
        "relationVal": ""
    },
    {
        "paramNo": "1912404955264712704",
        "unitNo": "1912404955264712704",
        "fieldType": "0",
        "paramType": "0",
        "paramId": "threshold",
        "paramName": "相关系数阈值",
        "defaultVal": "0.3",
        "requireFlag": "0",
        "hideFlag": "0",
        "promptText": "占位提示文本",
        "dataSource": "",
        "relationFlag": "0",
        "relationParam": "",
        "relationVal": ""
    },
    {
        "paramNo": "1920654553997377536",
        "unitNo": "1920654553988988928",
        "fieldType": "1",
        "paramType": "0",
        "paramId": "remove",
        "paramName": "清除本地结果",
        "defaultVal": "0",
        "requireFlag": "0",
        "hideFlag": "0",
        "promptText": "占位提示文本",
        "dataSource": "",
        "relationFlag": "0",
        "relationParam": "",
        "relationVal": ""
    },
    {
        "paramNo": "1913440413847388160",
        "unitNo": "1912404955264712704",
        "fieldType": "1",
        "paramType": "0",
        "paramId": "remove",
        "paramName": "清除本地结果",
        "defaultVal": "0",
        "requireFlag": "0",
        "hideFlag": "0",
        "promptText": "占位提示文本",
        "dataSource": "",
        "relationFlag": "0",
        "relationParam": "",
        "relationVal": ""
    },
    {
        "paramNo": "1873988011075567616",
        "unitNo": "1873987183895904256",
        "fieldType": "2",
        "paramType": "0",
        "paramId": "是否自动上线",
        "paramName": "是否自动上线",
        "defaultVal": "1",
        "requireFlag": "0",
        "hideFlag": "0",
        "promptText": "占位提示文本",
        "dataSource": "",
        "relationFlag": "0",
        "relationParam": "",
        "relationVal": ""
    },
    {
        "paramNo": "1915211397940117504",
        "unitNo": "1909492526037860352",
        "fieldType": "1",
        "paramType": "0",
        "paramId": "use_iqr",
        "paramName": "使用四分位距剔除",
        "defaultVal": "0",
        "requireFlag": "0",
        "hideFlag": "0",
        "promptText": "占位提示文本",
        "dataSource": "",
        "relationFlag": "0",
        "relationParam": "",
        "relationVal": ""
    },
    {
        "paramNo": "1849296251514781696",
        "unitNo": "1849285747928989696",
        "fieldType": "0",
        "paramType": "0",
        "paramId": "name2",
        "paramName": "文件2名称",
        "defaultVal": "",
        "requireFlag": "0",
        "hideFlag": "0",
        "promptText": "不填默认为文件原名称",
        "dataSource": "",
        "relationFlag": "0",
        "relationParam": "",
        "relationVal": ""
    },
    {
        "paramNo": "1882594313154592768",
        "unitNo": "1881964097948352512",
        "fieldType": "5",
        "paramType": "0",
        "paramId": "n_jobs",
        "paramName": "并行计算数",
        "defaultVal": "10",
        "requireFlag": "0",
        "hideFlag": "0",
        "promptText": "占位提示文本",
        "dataSource": "",
        "relationFlag": "0",
        "relationParam": "",
        "relationVal": ""
    },
    {
        "paramNo": "1839232962931982336",
        "unitNo": "1839232395669143552",
        "fieldType": "1",
        "paramType": "0",
        "paramId": "day",
        "paramName": "日",
        "defaultVal": "0",
        "requireFlag": "0",
        "hideFlag": "0",
        "promptText": "占位提示文本",
        "dataSource": "",
        "relationFlag": "0",
        "relationParam": "",
        "relationVal": ""
    },
    {
        "paramNo": "1912066826313924609",
        "unitNo": "1912066826313924608",
        "fieldType": "1",
        "paramType": "0",
        "paramId": "return_timestamp",
        "paramName": "是否返回时间戳",
        "defaultVal": "0",
        "requireFlag": "0",
        "hideFlag": "0",
        "promptText": "占位提示文本",
        "dataSource": "",
        "relationFlag": "0",
        "relationParam": "",
        "relationVal": ""
    },
    {
        "paramNo": "1915206638533345280",
        "unitNo": "1909492526037860352",
        "fieldType": "0",
        "paramType": "0",
        "paramId": "contamination",
        "paramName": "ISO 预期异常值比例",
        "defaultVal": "auto",
        "requireFlag": "0",
        "hideFlag": "0",
        "promptText": "ISO 预期异常值比例",
        "dataSource": "",
        "relationFlag": "0",
        "relationParam": "",
        "relationVal": ""
    },
    {
        "paramNo": "1927661740674252800",
        "unitNo": "1912347341147340800",
        "fieldType": "1",
        "paramType": "0",
        "paramId": "clear_cache",
        "paramName": "清除缓存",
        "defaultVal": "0",
        "requireFlag": "0",
        "hideFlag": "0",
        "promptText": "占位提示文本",
        "dataSource": "",
        "relationFlag": "0",
        "relationParam": "",
        "relationVal": ""
    },
    {
        "paramNo": "1915207962448625664",
        "unitNo": "1909492526037860352",
        "fieldType": "5",
        "paramType": "0",
        "paramId": "quantile",
        "paramName": "ISO 分位数阈值",
        "defaultVal": "0",
        "requireFlag": "0",
        "hideFlag": "0",
        "promptText": "IQR 分位数阈值",
        "dataSource": "",
        "relationFlag": "0",
        "relationParam": "",
        "relationVal": ""
    },
    {
        "paramNo": "1839238641516281856",
        "unitNo": "1839232395669143552",
        "fieldType": "1",
        "paramType": "0",
        "paramId": "day_of_week",
        "paramName": "星期数",
        "defaultVal": "0",
        "requireFlag": "0",
        "hideFlag": "0",
        "promptText": "占位提示文本",
        "dataSource": "",
        "relationFlag": "0",
        "relationParam": "",
        "relationVal": ""
    },
    {
        "paramNo": "1912066826313924608",
        "unitNo": "1912066826313924608",
        "fieldType": "0",
        "paramType": "0",
        "paramId": "tag_name",
        "paramName": "json中tag标签字段",
        "defaultVal": "tags",
        "requireFlag": "0",
        "hideFlag": "0",
        "promptText": "占位提示文本",
        "dataSource": "",
        "relationFlag": "0",
        "relationParam": "",
        "relationVal": ""
    },
    {
        "paramNo": "1913169056291094528",
        "unitNo": "1909492526037860352",
        "fieldType": "5",
        "paramType": "0",
        "paramId": "n_estimators",
        "paramName": "ISO n_estimators",
        "defaultVal": "100",
        "requireFlag": "0",
        "hideFlag": "0",
        "promptText": "孤立森林中树的数量",
        "dataSource": "",
        "relationFlag": "0",
        "relationParam": "",
        "relationVal": ""
    },
    {
        "paramNo": "1849296246330621952",
        "unitNo": "1849285747928989696",
        "fieldType": "0",
        "paramType": "0",
        "paramId": "name1",
        "paramName": "文件1名称",
        "defaultVal": "",
        "requireFlag": "0",
        "hideFlag": "0",
        "promptText": "不填默认为文件原名称",
        "dataSource": "",
        "relationFlag": "0",
        "relationParam": "",
        "relationVal": ""
    },
    {
        "paramNo": "1873987920008839168",
        "unitNo": "1873987183895904256",
        "fieldType": "0",
        "paramType": "0",
        "paramId": "服务地址",
        "paramName": "服务地址",
        "defaultVal": "",
        "requireFlag": "0",
        "hideFlag": "0",
        "promptText": "占位提示文本",
        "dataSource": "",
        "relationFlag": "0",
        "relationParam": "",
        "relationVal": ""
    },
    {
        "paramNo": "1839239066986479616",
        "unitNo": "1839232395669143552",
        "fieldType": "1",
        "paramType": "0",
        "paramId": "day_of_year",
        "paramName": "当前总天数",
        "defaultVal": "0",
        "requireFlag": "0",
        "hideFlag": "0",
        "promptText": "占位提示文本",
        "dataSource": "",
        "relationFlag": "0",
        "relationParam": "",
        "relationVal": ""
    },
    {
        "paramNo": "1915208292708122624",
        "unitNo": "1909492526037860352",
        "fieldType": "5",
        "paramType": "0",
        "paramId": "multiplier",
        "paramName": "IQR 异常值阈值倍数",
        "defaultVal": "1.5",
        "requireFlag": "0",
        "hideFlag": "0",
        "promptText": "IQR 异常值阈值倍数",
        "dataSource": "",
        "relationFlag": "0",
        "relationParam": "",
        "relationVal": ""
    },
    {
        "paramNo": "1839232972809568256",
        "unitNo": "1839232395669143552",
        "fieldType": "1",
        "paramType": "0",
        "paramId": "hour",
        "paramName": "小时",
        "defaultVal": "0",
        "requireFlag": "0",
        "hideFlag": "0",
        "promptText": "占位提示文本",
        "dataSource": "",
        "relationFlag": "0",
        "relationParam": "",
        "relationVal": ""
    },
    {
        "paramNo": "1873987934336581632",
        "unitNo": "1873987183895904256",
        "fieldType": "0",
        "paramType": "0",
        "paramId": "服务名称",
        "paramName": "服务名称",
        "defaultVal": "",
        "requireFlag": "0",
        "hideFlag": "0",
        "promptText": "占位提示文本",
        "dataSource": "",
        "relationFlag": "0",
        "relationParam": "",
        "relationVal": ""
    },
    {
        "paramNo": "1915211317044576256",
        "unitNo": "1909492526037860352",
        "fieldType": "1",
        "paramType": "0",
        "paramId": "use_iso_forest",
        "paramName": "使用孤立森林剔除",
        "defaultVal": "0",
        "requireFlag": "0",
        "hideFlag": "0",
        "promptText": "占位提示文本",
        "dataSource": "",
        "relationFlag": "0",
        "relationParam": "",
        "relationVal": ""
    },
    {
        "paramNo": "1912066826313924610",
        "unitNo": "1912066826313924608",
        "fieldType": "0",
        "paramType": "0",
        "paramId": "timestamp_format",
        "paramName": "时间戳格式",
        "defaultVal": "%Y-%m-%d %H:%M:%S",
        "requireFlag": "0",
        "hideFlag": "0",
        "promptText": "占位提示文本",
        "dataSource": "",
        "relationFlag": "0",
        "relationParam": "",
        "relationVal": ""
    }
]