[
    {
        "optionNo": "1873988121125715968",
        "optionVal": "0",
        "optionNam": "否",
        "paramNo": "1873988011075567616"
    },
    {
        "optionNo": "1873986637105463296",
        "optionVal": "mean_absolute_error",
        "optionNam": "mean_absolute_error",
        "paramNo": "1873986597054054400"
    },
    {
        "optionNo": "1873988088271732736",
        "optionVal": "0",
        "optionNam": "覆盖最新版本",
        "paramNo": "1873988003815227392"
    },
    {
        "optionNo": "1873988122774077440",
        "optionVal": "1",
        "optionNam": "是",
        "paramNo": "1873988011075567616"
    },
    {
        "optionNo": "1873988090456965120",
        "optionVal": "1",
        "optionNam": "生成最新版本",
        "paramNo": "1873988003815227392"
    },
    {
        "optionNo": "1873986638783184896",
        "optionVal": "mean_squared_error",
        "optionNam": "mean_squared_error",
        "paramNo": "1873986597054054400"
    },
    {
        "optionNo": "1873986635457101824",
        "optionVal": "r2_score",
        "optionNam": "r2_score",
        "paramNo": "1873986597054054400"
    }
]