[
    {
        "nodeNo": "1920655371618222080",
        "nodeColor": "#1764e8",
        "unitNo": "1920654553988988928",
        "flowNo": "1911678113658437632",
        "nodeNam": "分割工况(v6)带中文名",
        "tenantNo": "1",
        "fstusrDtm": 1757468758000,
        "fstusrId": "SYS"
    },
    {
        "nodeNo": "1911678114581184512",
        "nodeColor": "#1764e8",
        "unitNo": "1873986362072367104",
        "flowNo": "1911678113658437632",
        "nodeNam": "回归评估",
        "tenantNo": "1",
        "fstusrDtm": 1757468758000,
        "fstusrId": "SYS"
    },
    {
        "nodeNo": "1944605811963592704",
        "nodeColor": "#1764e8",
        "unitNo": "1944604925342253056",
        "flowNo": "1911678113658437632",
        "nodeNam": "能耗优化加载文件生成",
        "tenantNo": "1",
        "fstusrDtm": 1757468758000,
        "fstusrId": "SYS"
    },
    {
        "nodeNo": "1912347799261806592",
        "nodeColor": "#1764e8",
        "unitNo": "1912347404900761600",
        "flowNo": "1911678113658437632",
        "nodeNam": "工况json转xlsx(V6)",
        "tenantNo": "1",
        "fstusrDtm": 1757468758000,
        "fstusrId": "SYS"
    },
    {
        "nodeNo": "1912069257026338816",
        "nodeDsc": "json样例：\n{\n  \"trenddb_ip\": \"trend-db-server\",\n  \"trenddb_port\": \"6688\",\n  \"trenddb_version\": \"v4\",\n  \"trenddb_username\": \"\",\n  \"trenddb_password\": \"\",\n  \"trenddb_name\": \"db102\",\n  \"sample_interval\": 60,\n  \"tags\": \"tst1,tst2\",\n  \"time_lists\": [\n    {\n      \"beginTime\": \"2024-10-14 00:00:00\",\n      \"endTime\": \"2024-10-20 00:00:00\"\n    }\n  ]\n}",
        "nodeColor": "#1764e8",
        "unitNo": "1912066826313924608",
        "flowNo": "1911678113658437632",
        "nodeNam": "JSON配置TrendDB时序库采集(V6)",
        "tenantNo": "1",
        "fstusrDtm": 1757468758000,
        "fstusrId": "SYS"
    },
    {
        "nodeNo": "1912083879619985408",
        "nodeDsc": "json样例：\n{\n  \"trenddb_ip\": \"trend-db-server\",\n  \"trenddb_port\": \"6688\",\n  \"trenddb_version\": \"v4\",\n  \"trenddb_username\": \"\",\n  \"trenddb_password\": \"\",\n  \"trenddb_name\": \"db102\",\n  \"sample_interval\": 60,\n  \"tags\": \"tst1,tst2\",\n  \"time_lists\": [\n    {\n      \"beginTime\": \"2024-10-14 00:00:00\",\n      \"endTime\": \"2024-10-20 00:00:00\"\n    }\n  ]\n}",
        "nodeColor": "#1764e8",
        "unitNo": "1912066826313924608",
        "flowNo": "1911678113658437632",
        "nodeNam": "JSON配置TrendDB时序库采集(V6)",
        "tenantNo": "1",
        "fstusrDtm": 1757468758000,
        "fstusrId": "SYS"
    },
    {
        "nodeNo": "1912083889896030208",
        "nodeDsc": "json样例：\n{\n  \"trenddb_ip\": \"trend-db-server\",\n  \"trenddb_port\": \"6688\",\n  \"trenddb_version\": \"v4\",\n  \"trenddb_username\": \"\",\n  \"trenddb_password\": \"\",\n  \"trenddb_name\": \"db102\",\n  \"sample_interval\": 60,\n  \"tags\": \"tst1,tst2\",\n  \"time_lists\": [\n    {\n      \"beginTime\": \"2024-10-14 00:00:00\",\n      \"endTime\": \"2024-10-20 00:00:00\"\n    }\n  ]\n}",
        "nodeColor": "#1764e8",
        "unitNo": "1912066826313924608",
        "flowNo": "1911678113658437632",
        "nodeNam": "数据长度统一",
        "tenantNo": "1",
        "fstusrDtm": 1757468758000,
        "fstusrId": "SYS"
    },
    {
        "nodeNo": "1911678113922678784",
        "nodeColor": "#1764e8",
        "unitNo": "1881157777657692160",
        "flowNo": "1911678113658437632",
        "nodeNam": "计算目标值及限值",
        "tenantNo": "1",
        "fstusrDtm": 1757468758000,
        "fstusrId": "SYS"
    },
    {
        "nodeNo": "1911678114065285120",
        "nodeDsc": "通用文件zip整合，同时参数可以重新定义两个文件在压缩文件中的名称，如果输入文件名为.zip结尾的压缩文件，则会解压全部文件，并重新和新文件压缩到一起，压缩包指定名称后文件会输出到该名称的文件夹中。压缩文件路径：models/*",
        "nodeColor": "#1764e8",
        "unitNo": "1849285747928989696",
        "flowNo": "1911678113658437632",
        "nodeNam": "通用文件zip整合(2输入)",
        "tenantNo": "1",
        "fstusrDtm": 1757468758000,
        "fstusrId": "SYS"
    },
    {
        "nodeNo": "1911678114107228160",
        "nodeColor": "#1764e8",
        "unitNo": "1795350954992730112",
        "flowNo": "1911678113658437632",
        "nodeNam": "计算目标变量权重",
        "tenantNo": "1",
        "fstusrDtm": 1757468758000,
        "fstusrId": "SYS"
    },
    {
        "nodeNo": "1911678113855569920",
        "nodeColor": "#1764e8",
        "unitNo": "1839232395669143552",
        "flowNo": "1911678113658437632",
        "nodeNam": "拆解时间特征",
        "tenantNo": "1",
        "fstusrDtm": 1757468758000,
        "fstusrId": "SYS"
    },
    {
        "nodeNo": "1911678114241445888",
        "nodeColor": "#1764e8",
        "unitNo": "1839586000947380224",
        "flowNo": "1911678113658437632",
        "nodeNam": "csv列合并",
        "tenantNo": "1",
        "fstusrDtm": 1757468758000,
        "fstusrId": "SYS"
    },
    {
        "nodeNo": "1911678114266611712",
        "nodeDsc": "通用文件zip整合，同时参数可以重新定义两个文件在压缩文件中的名称，如果输入文件名为.zip结尾的压缩文件，则会解压全部文件，并重新和新文件压缩到一起，压缩包指定名称后文件会输出到该名称的文件夹中。压缩文件路径：models/*",
        "nodeColor": "#1764e8",
        "unitNo": "1849285747928989696",
        "flowNo": "1911678113658437632",
        "nodeNam": "通用文件zip整合(2输入)",
        "tenantNo": "1",
        "fstusrDtm": 1757468758000,
        "fstusrId": "SYS"
    },
    {
        "nodeNo": "1911678114300166144",
        "nodeDsc": "通用文件zip整合，同时参数可以重新定义两个文件在压缩文件中的名称，如果输入文件名为.zip结尾的压缩文件，则会解压全部文件，并重新和新文件压缩到一起，压缩包指定名称后文件会输出到该名称的文件夹中。压缩文件路径：models/*",
        "nodeColor": "#1764e8",
        "unitNo": "1849285747928989696",
        "flowNo": "1911678113658437632",
        "nodeNam": "通用文件zip整合(2输入)",
        "tenantNo": "1",
        "fstusrDtm": 1757468758000,
        "fstusrId": "SYS"
    },
    {
        "nodeNo": "1911678114384052224",
        "nodeColor": "#1764e8",
        "unitNo": "1854003562376331264",
        "flowNo": "1911678113658437632",
        "nodeNam": "数据长度统一",
        "tenantNo": "1",
        "fstusrDtm": 1757468758000,
        "fstusrId": "SYS"
    },
    {
        "nodeNo": "1911678114556018688",
        "nodeDsc": "融合所有回归算法，让optuna自己选择最适合的算法进行拟合",
        "nodeColor": "#1764e8",
        "unitNo": "1881964097948352512",
        "flowNo": "1911678113658437632",
        "nodeNam": "optuna自动选择模型",
        "tenantNo": "1",
        "fstusrDtm": 1757468758000,
        "fstusrId": "SYS"
    },
    {
        "nodeNo": "1911678114744762368",
        "nodeColor": "#1764e8",
        "unitNo": "1792395891680739328",
        "flowNo": "1911678113658437632",
        "nodeNam": "Xlsx文件上传",
        "tenantNo": "1",
        "fstusrDtm": 1757468758000,
        "fstusrId": "SYS"
    },
    {
        "nodeNo": "1911678114782511104",
        "nodeDsc": "通用文件zip整合，同时参数可以重新定义两个文件在压缩文件中的名称，如果输入文件名为.zip结尾的压缩文件，则会解压全部文件，并重新和新文件压缩到一起，压缩包指定名称后文件会输出到该名称的文件夹中。压缩文件路径：models/*",
        "nodeColor": "#1764e8",
        "unitNo": "1849285747928989696",
        "flowNo": "1911678113658437632",
        "nodeNam": "通用文件zip整合(2输入)",
        "tenantNo": "1",
        "fstusrDtm": 1757468758000,
        "fstusrId": "SYS"
    },
    {
        "nodeNo": "1915308684024479744",
        "nodeColor": "#1764e8",
        "unitNo": "1909492526037860352",
        "flowNo": "1911678113658437632",
        "nodeNam": "剔除异常值(v6)",
        "tenantNo": "1",
        "fstusrDtm": 1757468758000,
        "fstusrId": "SYS"
    },
    {
        "nodeNo": "1915308814274396160",
        "nodeColor": "#1764e8",
        "unitNo": "1909492526037860352",
        "flowNo": "1911678113658437632",
        "nodeNam": "拆解时间特征",
        "tenantNo": "1",
        "fstusrDtm": 1757468758000,
        "fstusrId": "SYS"
    },
    {
        "nodeNo": "1911678113687797760",
        "nodeColor": "#1764e8",
        "unitNo": "1873987183895904256",
        "flowNo": "1911678113658437632",
        "nodeNam": "生成下控服务",
        "tenantNo": "1",
        "fstusrDtm": 1757468758000,
        "fstusrId": "SYS"
    },
    {
        "nodeNo": "1915308841063415808",
        "nodeColor": "#1764e8",
        "unitNo": "1909492526037860352",
        "flowNo": "1911678113658437632",
        "nodeNam": "剔除异常值(v6)",
        "tenantNo": "1",
        "fstusrDtm": 1757468758000,
        "fstusrId": "SYS"
    },
    {
        "nodeNo": "1911678114631516160",
        "nodeColor": "#1764e8",
        "unitNo": "1873987183895904256",
        "flowNo": "1911678113658437632",
        "nodeNam": "生成测试服务",
        "tenantNo": "1",
        "fstusrDtm": 1757468758000,
        "fstusrId": "SYS"
    },
    {
        "nodeNo": "1913468776863498240",
        "nodeColor": "#1764e8",
        "unitNo": "1912404955264712704",
        "flowNo": "1911678113658437632",
        "nodeNam": "工况测点筛选(V6)",
        "tenantNo": "1",
        "fstusrDtm": 1757468758000,
        "fstusrId": "SYS"
    },
    {
        "nodeNo": "1912062729783345152",
        "nodeDsc": "更新时间: 2025/4/15 ",
        "nodeColor": "#1764e8",
        "unitNo": "1912053854740938752",
        "flowNo": "1911678113658437632",
        "nodeNam": "配置参数解析(V6)",
        "tenantNo": "1",
        "fstusrDtm": 1757468758000,
        "fstusrId": "SYS"
    },
    {
        "nodeNo": "1911678114199502848",
        "nodeDsc": "通用文件zip整合，同时参数可以重新定义两个文件在压缩文件中的名称，如果输入文件名为.zip结尾的压缩文件，则会解压全部文件，并重新和新文件压缩到一起，压缩包指定名称后文件会输出到该名称的文件夹中。压缩文件路径：models/*",
        "nodeColor": "#1764e8",
        "unitNo": "1849285747928989696",
        "flowNo": "1911678113658437632",
        "nodeNam": "通用文件zip整合(2输入)",
        "tenantNo": "1",
        "fstusrDtm": 1757468758000,
        "fstusrId": "SYS"
    },
    {
        "nodeNo": "1914229525458190336",
        "nodeColor": "#1764e8",
        "unitNo": "1914226509145440256",
        "flowNo": "1911678113658437632",
        "nodeNam": "数据集导入配置",
        "tenantNo": "1",
        "fstusrDtm": 1757468758000,
        "fstusrId": "SYS"
    },
    {
        "nodeNo": "1922590947095347200",
        "nodeColor": "#1764e8",
        "unitNo": "1796352554905370624",
        "flowNo": "1911678113658437632",
        "nodeNam": "输出配置文件",
        "tenantNo": "1",
        "fstusrDtm": 1757468758000,
        "fstusrId": "SYS"
    },
    {
        "nodeNo": "1922592347057553408",
        "nodeColor": "#1764e8",
        "unitNo": "1881540823049306112",
        "flowNo": "1911678113658437632",
        "nodeNam": "输出配置文件（测试）",
        "tenantNo": "1",
        "fstusrDtm": 1757468758000,
        "fstusrId": "SYS"
    },
    {
        "nodeNo": "1927661813747417088",
        "nodeColor": "#1764e8",
        "unitNo": "1912347341147340800",
        "flowNo": "1911678113658437632",
        "nodeNam": "工况更新(V6)",
        "tenantNo": "1",
        "fstusrDtm": 1757468758000,
        "fstusrId": "SYS"
    }
]