[
    {
        "paramNo": "1970736411812298752",
        "nodeNo": "1970736411799715840",
        "unitParamNo": "1954824839378239488",
        "paramVal": "",
        "fieldType": "0",
        "paramId": "project_name",
        "promptText": "占位提示文本",
        "relationParam": "",
        "relationVal": "",
        "dataSource": "",
        "paramType": "0",
        "paramName": "项目名称"
    },
    {
        "paramNo": "1970736411816493056",
        "nodeNo": "1970736411799715840",
        "unitParamNo": "1954824876111953920",
        "paramVal": "",
        "fieldType": "0",
        "paramId": "prefix",
        "promptText": "占位提示文本",
        "relationParam": "",
        "relationVal": "",
        "dataSource": "",
        "paramType": "0",
        "paramName": "平台地址"
    },
    {
        "paramNo": "1970736411816493057",
        "nodeNo": "1970736411799715840",
        "unitParamNo": "1954844399569469440",
        "paramVal": "",
        "fieldType": "0",
        "paramId": "token",
        "promptText": "占位提示文本",
        "relationParam": "",
        "relationVal": "",
        "dataSource": "",
        "paramType": "0",
        "paramName": "鉴权码"
    },
    {
        "paramNo": "1970736411820687360",
        "nodeNo": "1970736411799715840",
        "unitParamNo": "1961233338807091200",
        "paramVal": "",
        "fieldType": "0",
        "paramId": "class",
        "promptText": "占位提示文本",
        "relationParam": "",
        "relationVal": "",
        "dataSource": "",
        "paramType": "0",
        "paramName": "标注类名"
    },
    {
        "paramNo": "1970735794477858816",
        "nodeNo": "1970735794465275904",
        "unitParamNo": "1953731579595456512",
        "paramVal": "",
        "fieldType": "0",
        "paramId": "project_name",
        "promptText": "占位提示文本",
        "relationParam": "",
        "relationVal": "",
        "dataSource": "",
        "paramType": "0",
        "paramName": "项目名称（多个项目使用,分隔）"
    },
    {
        "paramNo": "1970735794477858817",
        "nodeNo": "1970735794465275904",
        "unitParamNo": "1953731586792882176",
        "paramVal": "",
        "fieldType": "0",
        "paramId": "prefix",
        "promptText": "占位提示文本",
        "relationParam": "",
        "relationVal": "",
        "dataSource": "",
        "paramType": "0",
        "paramName": "平台地址"
    },
    {
        "paramNo": "1970735794482053120",
        "nodeNo": "1970735794465275904",
        "unitParamNo": "1953731590504841216",
        "paramVal": "",
        "fieldType": "0",
        "paramId": "token",
        "promptText": "占位提示文本",
        "relationParam": "",
        "relationVal": "",
        "dataSource": "",
        "paramType": "0",
        "paramName": "鉴权码"
    },
    {
        "paramNo": "1970735924476116992",
        "nodeNo": "1970735924463534080",
        "unitParamNo": "1830514292072382464",
        "paramVal": "20",
        "fieldType": "0",
        "paramId": "epochs",
        "promptText": "20",
        "relationParam": "",
        "relationVal": "",
        "dataSource": "",
        "paramType": "0",
        "paramName": "训练轮数"
    },
    {
        "paramNo": "1970735924476116993",
        "nodeNo": "1970735924463534080",
        "unitParamNo": "1830787321184649216",
        "paramVal": "obj-detect",
        "fieldType": "0",
        "paramId": "任务名",
        "promptText": "训练任务命名(默认obj-detect)",
        "relationParam": "",
        "relationVal": "",
        "dataSource": "",
        "paramType": "0",
        "paramName": "任务名"
    },
    {
        "paramNo": "1970735924480311296",
        "nodeNo": "1970735924463534080",
        "unitParamNo": "1831511260483551232",
        "paramVal": "0.1",
        "fieldType": "0",
        "paramId": "验证集比例",
        "promptText": "验证集比例(默认0.2)",
        "relationParam": "",
        "relationVal": "",
        "dataSource": "",
        "paramType": "0",
        "paramName": "验证集比例"
    },
    {
        "paramNo": "1970735924488699904",
        "nodeNo": "1970735924463534080",
        "unitParamNo": "1846072545699168256",
        "paramVal": "cpu",
        "fieldType": "2",
        "paramId": "device",
        "promptText": "占位提示文本",
        "relationParam": "",
        "relationVal": "",
        "dataSource": "",
        "paramType": "0",
        "paramName": "运行设备"
    },
    {
        "paramNo": "1970735924492894208",
        "nodeNo": "1970735924463534080",
        "unitParamNo": "1846124421522128896",
        "paramVal": "0",
        "fieldType": "5",
        "paramId": "random_state",
        "promptText": "占位提示文本",
        "relationParam": "",
        "relationVal": "",
        "dataSource": "",
        "paramType": "0",
        "paramName": "随机种子"
    },
    {
        "paramNo": "1970735924497088512",
        "nodeNo": "1970735924463534080",
        "unitParamNo": "1847174797109231616",
        "paramVal": "0",
        "fieldType": "1",
        "paramId": "resume",
        "promptText": "占位提示文本",
        "relationParam": "",
        "relationVal": "",
        "dataSource": "",
        "paramType": "0",
        "paramName": "断点续训"
    },
    {
        "paramNo": "1970735924505477120",
        "nodeNo": "1970735924463534080",
        "unitParamNo": "1847203053166395392",
        "paramVal": "detect",
        "fieldType": "2",
        "paramId": "task_name",
        "promptText": "占位提示文本",
        "relationParam": "",
        "relationVal": "",
        "dataSource": "",
        "paramType": "0",
        "paramName": "任务类型"
    },
    {
        "paramNo": "1970735924509671424",
        "nodeNo": "1970735924463534080",
        "unitParamNo": "1854070718048763904",
        "paramVal": "16",
        "fieldType": "5",
        "paramId": "batch_size",
        "promptText": "batch_size",
        "relationParam": "",
        "relationVal": "",
        "dataSource": "",
        "paramType": "0",
        "paramName": "批数大小"
    }
]