[
    {
        "unitNo": "1954799124943470592",
        "unitNam": "目标检测YOLO格式标注上传labelstudio",
        "unitIcon": "\\uE643",
        "fillColor": "#1764e8",
        "unitType": "0",
        "codeType": "1",
        "codeUrl": "/component/1954799124943470592/upload_existing_image_annotations.py",
        "treeNo": "1953702345250439168",
        "codeFileName": "upload_existing_image_annotations.py",
        "rangeType": "0",
        "unitFileType": "1",
        "fstusrId": "SYS",
        "lstusrId": "SYS"
    },
    {
        "unitNo": "1830802637218381824",
        "unitNam": "通用文件上传",
        "unitIcon": "\\uE643",
        "fillColor": "#1764e8",
        "unitDesc": "上传Any类型文件",
        "unitType": "0",
        "codeType": "1",
        "codeUrl": "/component/1830802637218381824/upload_any_file.py",
        "treeNo": "1838412362164469760",
        "codeFileName": "upload_any_file.py",
        "rangeType": "0",
        "unitFileType": "1",
        "fstusrId": "SYS",
        "lstusrId": "SYS"
    },
    {
        "unitNo": "1953727818978295808",
        "unitNam": "获取label_studio项目文件",
        "unitIcon": "\\uE643",
        "fillColor": "#1764e8",
        "unitType": "0",
        "codeType": "1",
        "codeUrl": "/component/1953727818978295808/export_label_studio_project.py",
        "treeNo": "1953727180747833344",
        "codeFileName": "export_label_studio_project.py",
        "rangeType": "0",
        "unitFileType": "1",
        "fstusrId": "SYS",
        "lstusrId": "SYS"
    },
    {
        "unitNo": "1830508242220875776",
        "unitNam": "YOLO目标检测/语义分割训练",
        "unitIcon": "\\uE85F",
        "fillColor": "#1764e8",
        "unitDesc": "YOLO框架下的通用目标识别/语义分割训练组件，适用于图像标签分离场景",
        "unitType": "0",
        "codeType": "1",
        "codeUrl": "/component/1830508242220875776/yolo_gen_detect.py",
        "treeNo": "1838380714999939072",
        "codeFileName": "yolo_gen_detect.py",
        "rangeType": "0",
        "unitFileType": "1",
        "fstusrId": "SYS",
        "lstusrId": "SYS"
    }
]