[
    {
        "paramNo": "1846072545699168256",
        "unitNo": "1830508242220875776",
        "fieldType": "2",
        "paramType": "0",
        "paramId": "device",
        "paramName": "运行设备",
        "defaultVal": "cpu",
        "requireFlag": "0",
        "hideFlag": "0",
        "promptText": "占位提示文本",
        "dataSource": "",
        "relationFlag": "0",
        "relationParam": "",
        "relationVal": ""
    },
    {
        "paramNo": "1953731590504841216",
        "unitNo": "1953727818978295808",
        "fieldType": "0",
        "paramType": "0",
        "paramId": "token",
        "paramName": "鉴权码",
        "defaultVal": "",
        "requireFlag": "0",
        "hideFlag": "0",
        "promptText": "占位提示文本",
        "dataSource": "",
        "relationFlag": "0",
        "relationParam": "",
        "relationVal": ""
    },
    {
        "paramNo": "1854070718048763904",
        "unitNo": "1830508242220875776",
        "fieldType": "5",
        "paramType": "0",
        "paramId": "batch_size",
        "paramName": "批数大小",
        "defaultVal": "16",
        "requireFlag": "0",
        "hideFlag": "0",
        "promptText": "batch_size",
        "dataSource": "",
        "relationFlag": "0",
        "relationParam": "",
        "relationVal": ""
    },
    {
        "paramNo": "1961233338807091200",
        "unitNo": "1954799124943470592",
        "fieldType": "0",
        "paramType": "0",
        "paramId": "class",
        "paramName": "标注类名",
        "defaultVal": "",
        "requireFlag": "0",
        "hideFlag": "0",
        "promptText": "占位提示文本",
        "dataSource": "",
        "relationFlag": "0",
        "relationParam": "",
        "relationVal": ""
    },
    {
        "paramNo": "1830514292072382464",
        "unitNo": "1830508242220875776",
        "fieldType": "0",
        "paramType": "0",
        "paramId": "epochs",
        "paramName": "训练轮数",
        "defaultVal": "20",
        "requireFlag": "1",
        "hideFlag": "0",
        "promptText": "20",
        "dataSource": "",
        "relationFlag": "0",
        "relationParam": "",
        "relationVal": ""
    },
    {
        "paramNo": "1846124421522128896",
        "unitNo": "1830508242220875776",
        "fieldType": "5",
        "paramType": "0",
        "paramId": "random_state",
        "paramName": "随机种子",
        "defaultVal": "0",
        "requireFlag": "0",
        "hideFlag": "0",
        "promptText": "占位提示文本",
        "dataSource": "",
        "relationFlag": "0",
        "relationParam": "",
        "relationVal": ""
    },
    {
        "paramNo": "1954824876111953920",
        "unitNo": "1954799124943470592",
        "fieldType": "0",
        "paramType": "0",
        "paramId": "prefix",
        "paramName": "平台地址",
        "defaultVal": "",
        "requireFlag": "0",
        "hideFlag": "0",
        "promptText": "占位提示文本",
        "dataSource": "",
        "relationFlag": "0",
        "relationParam": "",
        "relationVal": ""
    },
    {
        "paramNo": "1847203053166395392",
        "unitNo": "1830508242220875776",
        "fieldType": "2",
        "paramType": "0",
        "paramId": "task_name",
        "paramName": "任务类型",
        "defaultVal": "detect",
        "requireFlag": "0",
        "hideFlag": "0",
        "promptText": "占位提示文本",
        "dataSource": "",
        "relationFlag": "0",
        "relationParam": "",
        "relationVal": ""
    },
    {
        "paramNo": "1830787321184649216",
        "unitNo": "1830508242220875776",
        "fieldType": "0",
        "paramType": "0",
        "paramId": "任务名",
        "paramName": "任务名",
        "defaultVal": "obj-detect",
        "requireFlag": "1",
        "hideFlag": "0",
        "promptText": "训练任务命名(默认obj-detect)",
        "dataSource": "",
        "relationFlag": "0",
        "relationParam": "",
        "relationVal": ""
    },
    {
        "paramNo": "1954824839378239488",
        "unitNo": "1954799124943470592",
        "fieldType": "0",
        "paramType": "0",
        "paramId": "project_name",
        "paramName": "项目名称",
        "defaultVal": "",
        "requireFlag": "0",
        "hideFlag": "0",
        "promptText": "占位提示文本",
        "dataSource": "",
        "relationFlag": "0",
        "relationParam": "",
        "relationVal": ""
    },
    {
        "paramNo": "1831511260483551232",
        "unitNo": "1830508242220875776",
        "fieldType": "0",
        "paramType": "0",
        "paramId": "验证集比例",
        "paramName": "验证集比例",
        "defaultVal": "0.1",
        "requireFlag": "1",
        "hideFlag": "0",
        "promptText": "验证集比例(默认0.2)",
        "dataSource": "",
        "relationFlag": "0",
        "relationParam": "",
        "relationVal": ""
    },
    {
        "paramNo": "1953731586792882176",
        "unitNo": "1953727818978295808",
        "fieldType": "0",
        "paramType": "0",
        "paramId": "prefix",
        "paramName": "平台地址",
        "defaultVal": "",
        "requireFlag": "0",
        "hideFlag": "0",
        "promptText": "占位提示文本",
        "dataSource": "",
        "relationFlag": "0",
        "relationParam": "",
        "relationVal": ""
    },
    {
        "paramNo": "1954844399569469440",
        "unitNo": "1954799124943470592",
        "fieldType": "0",
        "paramType": "0",
        "paramId": "token",
        "paramName": "鉴权码",
        "defaultVal": "",
        "requireFlag": "0",
        "hideFlag": "0",
        "promptText": "占位提示文本",
        "dataSource": "",
        "relationFlag": "0",
        "relationParam": "",
        "relationVal": ""
    },
    {
        "paramNo": "1847174797109231616",
        "unitNo": "1830508242220875776",
        "fieldType": "1",
        "paramType": "0",
        "paramId": "resume",
        "paramName": "断点续训",
        "defaultVal": "0",
        "requireFlag": "0",
        "hideFlag": "0",
        "promptText": "占位提示文本",
        "dataSource": "",
        "relationFlag": "0",
        "relationParam": "",
        "relationVal": ""
    },
    {
        "paramNo": "1953731579595456512",
        "unitNo": "1953727818978295808",
        "fieldType": "0",
        "paramType": "0",
        "paramId": "project_name",
        "paramName": "项目名称（多个项目使用,分隔）",
        "defaultVal": "",
        "requireFlag": "0",
        "hideFlag": "0",
        "promptText": "占位提示文本",
        "dataSource": "",
        "relationFlag": "0",
        "relationParam": "",
        "relationVal": ""
    }
]