[
    {
        "nodeNo": "1970736411799715840",
        "nodeColor": "#1764e8",
        "unitNo": "1954799124943470592",
        "flowNo": "1970735692745015296",
        "nodeNam": "目标检测YOLO格式标注上传labelstudio",
        "tenantNo": "1",
        "fstusrDtm": 1758695150000,
        "fstusrId": "SYS"
    },
    {
        "nodeNo": "1970735846780829696",
        "nodeDsc": "上传Any类型文件",
        "nodeColor": "#1764e8",
        "unitNo": "1830802637218381824",
        "flowNo": "1970735692745015296",
        "nodeNam": "通用文件上传",
        "tenantNo": "1",
        "fstusrDtm": 1758695015000,
        "fstusrId": "SYS"
    },
    {
        "nodeNo": "1970736177388453888",
        "nodeDsc": "上传Any类型文件",
        "nodeColor": "#1764e8",
        "unitNo": "1830802637218381824",
        "flowNo": "1970735692745015296",
        "nodeNam": "通用文件上传",
        "tenantNo": "1",
        "fstusrDtm": 1758695094000,
        "fstusrId": "SYS"
    },
    {
        "nodeNo": "1970735794465275904",
        "nodeColor": "#1764e8",
        "unitNo": "1953727818978295808",
        "flowNo": "1970735692745015296",
        "nodeNam": "获取label_studio项目文件",
        "tenantNo": "1",
        "fstusrDtm": 1758695003000,
        "fstusrId": "SYS"
    },
    {
        "nodeNo": "1970735924463534080",
        "nodeDsc": "YOLO框架下的通用目标识别/语义分割训练组件，适用于图像标签分离场景",
        "nodeColor": "#1764e8",
        "unitNo": "1830508242220875776",
        "flowNo": "1970735692745015296",
        "nodeNam": "YOLO目标检测/语义分割训练",
        "tenantNo": "1",
        "fstusrDtm": 1758695034000,
        "fstusrId": "SYS"
    },
    {
        "nodeNo": "1970736183415668736",
        "nodeDsc": "上传Any类型文件",
        "nodeColor": "#1764e8",
        "unitNo": "1830802637218381824",
        "flowNo": "1970735692745015296",
        "nodeNam": "通用文件上传",
        "tenantNo": "1",
        "fstusrDtm": 1758695095000,
        "fstusrId": "SYS"
    }
]