[
    {
        "optionNo": "1846072675722592256",
        "optionVal": "cuda:2",
        "optionNam": "cuda:2",
        "paramNo": "1846072545699168256"
    },
    {
        "optionNo": "1847203123374850048",
        "optionVal": "segment",
        "optionNam": "语义分割",
        "paramNo": "1847203053166395392"
    },
    {
        "optionNo": "1846072672350371840",
        "optionVal": "cuda:0",
        "optionNam": "cuda:0",
        "paramNo": "1846072545699168256"
    },
    {
        "optionNo": "1847203121634213888",
        "optionVal": "detect",
        "optionNam": "目标检测",
        "paramNo": "1847203053166395392"
    },
    {
        "optionNo": "1846072718542241792",
        "optionVal": "cuda:3",
        "optionNam": "cuda:3",
        "paramNo": "1846072545699168256"
    },
    {
        "optionNo": "1846072673793212416",
        "optionVal": "cuda:1",
        "optionNam": "cuda:1",
        "paramNo": "1846072545699168256"
    },
    {
        "optionNo": "1846072670794285056",
        "optionVal": "cpu",
        "optionNam": "cpu",
        "paramNo": "1846072545699168256"
    }
]