[
    {
        "ioNo": "1953742048691486720",
        "ioName": "class",
        "unitNo": "1953727818978295808",
        "ioType": "1",
        "tipsText": "输出数据",
        "dataType": "41",
        "displayFlag": "1",
        "autoReceive": " ",
        "specificTypes": ""
    },
    {
        "ioNo": "1830509940507148288",
        "ioName": "labels",
        "unitNo": "1830508242220875776",
        "ioType": "0",
        "tipsText": "训练标签",
        "dataType": "40",
        "displayFlag": "1",
        "autoReceive": " ",
        "specificTypes": ""
    },
    {
        "ioNo": "1953779141786468352",
        "ioName": "class",
        "unitNo": "1830508242220875776",
        "ioType": "0",
        "tipsText": "输入数据",
        "dataType": "41",
        "displayFlag": "1",
        "autoReceive": " ",
        "specificTypes": ""
    },
    {
        "ioNo": "1830785417176154112",
        "ioName": "val_result",
        "unitNo": "1830508242220875776",
        "ioType": "1",
        "tipsText": "训练展示",
        "dataType": "42",
        "displayFlag": "1",
        "autoReceive": " ",
        "specificTypes": "",
        "fileFlag": "0"
    },
    {
        "ioNo": "1830508242296373248",
        "ioName": "images",
        "unitNo": "1830508242220875776",
        "ioType": "0",
        "tipsText": "训练图像",
        "dataType": "40",
        "displayFlag": "1"
    },
    {
        "ioNo": "1830802637323239424",
        "ioName": "output",
        "unitNo": "1830802637218381824",
        "ioType": "1",
        "tipsText": "输出数据",
        "dataType": "40",
        "displayFlag": "1",
        "fileFlag": "1"
    },
    {
        "ioNo": "1954799261421928448",
        "ioName": "labels",
        "unitNo": "1954799124943470592",
        "ioType": "0",
        "tipsText": "输入数据",
        "dataType": "40",
        "displayFlag": "1",
        "autoReceive": " ",
        "specificTypes": ""
    },
    {
        "ioNo": "1830770551883300864",
        "ioName": "pre_model",
        "unitNo": "1830508242220875776",
        "ioType": "0",
        "tipsText": "YOLO预模型",
        "dataType": "40",
        "displayFlag": "1",
        "autoReceive": " ",
        "specificTypes": ""
    },
    {
        "ioNo": "1830508242304761856",
        "ioName": "best.pt",
        "unitNo": "1830508242220875776",
        "ioType": "1",
        "tipsText": "模型输出",
        "dataType": "40",
        "displayFlag": "1",
        "fileFlag": "0"
    },
    {
        "ioNo": "1953727819041210368",
        "ioName": "images.zip",
        "unitNo": "1953727818978295808",
        "ioType": "1",
        "tipsText": "输出数据",
        "dataType": "40",
        "displayFlag": "1",
        "fileFlag": "0"
    },
    {
        "ioNo": "1953727934351015936",
        "ioName": "labels.zip",
        "unitNo": "1953727818978295808",
        "ioType": "1",
        "tipsText": "输出数据",
        "dataType": "40",
        "displayFlag": "1",
        "autoReceive": " ",
        "specificTypes": "",
        "fileFlag": "0"
    },
    {
        "ioNo": "1954799125073494016",
        "ioName": "images",
        "unitNo": "1954799124943470592",
        "ioType": "0",
        "tipsText": "输入数据",
        "dataType": "40",
        "displayFlag": "1"
    }
]