[
    {
        "paramNo": "1960648631652450304",
        "unitNo": "1960648631652450304",
        "fieldType": "0",
        "paramType": "0",
        "paramId": "project_name",
        "paramName": "项目名称",
        "defaultVal": "",
        "requireFlag": "0",
        "hideFlag": "0",
        "promptText": "占位提示文本",
        "dataSource": "",
        "relationFlag": "0",
        "relationParam": "",
        "relationVal": ""
    },
    {
        "paramNo": "1846798910777982976",
        "unitNo": "1846798606766440448",
        "fieldType": "5",
        "paramType": "0",
        "paramId": "invasion_lower_x",
        "paramName": "入侵区域右下角x坐标",
        "defaultVal": "0",
        "requireFlag": "0",
        "hideFlag": "0",
        "promptText": "占位提示文本",
        "dataSource": "",
        "relationFlag": "0",
        "relationParam": "",
        "relationVal": ""
    },
    {
        "paramNo": "1846798904813682688",
        "unitNo": "1846798606766440448",
        "fieldType": "5",
        "paramType": "0",
        "paramId": "invasion_upper_y",
        "paramName": "入侵区域左上角y坐标",
        "defaultVal": "0",
        "requireFlag": "0",
        "hideFlag": "0",
        "promptText": "占位提示文本",
        "dataSource": "",
        "relationFlag": "0",
        "relationParam": "",
        "relationVal": ""
    },
    {
        "paramNo": "1846798915978919936",
        "unitNo": "1846798606766440448",
        "fieldType": "5",
        "paramType": "0",
        "paramId": "invasion_lower_y",
        "paramName": "入侵区域右下角y坐标",
        "defaultVal": "0",
        "requireFlag": "0",
        "hideFlag": "0",
        "promptText": "占位提示文本",
        "dataSource": "",
        "relationFlag": "0",
        "relationParam": "",
        "relationVal": ""
    },
    {
        "paramNo": "1839123162248249344",
        "unitNo": "1829469579030560768",
        "fieldType": "0",
        "paramType": "0",
        "paramId": "rtsp_url",
        "paramName": "RTSP视频流链接",
        "defaultVal": "",
        "requireFlag": "0",
        "hideFlag": "0",
        "promptText": "占位提示文本",
        "dataSource": "",
        "relationFlag": "0",
        "relationParam": "",
        "relationVal": ""
    },
    {
        "paramNo": "1846798898115379200",
        "unitNo": "1846798606766440448",
        "fieldType": "5",
        "paramType": "0",
        "paramId": "invasion_upper_x",
        "paramName": "入侵区域左上角x坐标",
        "defaultVal": "0",
        "requireFlag": "0",
        "hideFlag": "0",
        "promptText": "占位提示文本",
        "dataSource": "",
        "relationFlag": "0",
        "relationParam": "",
        "relationVal": ""
    },
    {
        "paramNo": "1953710266969489408",
        "unitNo": "1953676585064202240",
        "fieldType": "0",
        "paramType": "0",
        "paramId": "token",
        "paramName": "鉴权码",
        "defaultVal": "",
        "requireFlag": "0",
        "hideFlag": "0",
        "promptText": "占位提示文本",
        "dataSource": "",
        "relationFlag": "0",
        "relationParam": "",
        "relationVal": ""
    },
    {
        "paramNo": "1953710220957974528",
        "unitNo": "1953676585064202240",
        "fieldType": "0",
        "paramType": "0",
        "paramId": "project_name",
        "paramName": "项目名称",
        "defaultVal": "",
        "requireFlag": "0",
        "hideFlag": "0",
        "promptText": "占位提示文本",
        "dataSource": "",
        "relationFlag": "0",
        "relationParam": "",
        "relationVal": ""
    },
    {
        "paramNo": "1953720583606763520",
        "unitNo": "1953676585064202240",
        "fieldType": "0",
        "paramType": "0",
        "paramId": "class",
        "paramName": "目标检测类别名称",
        "defaultVal": "",
        "requireFlag": "0",
        "hideFlag": "0",
        "promptText": "占位提示文本",
        "dataSource": "",
        "relationFlag": "0",
        "relationParam": "",
        "relationVal": ""
    },
    {
        "paramNo": "1953710426785054720",
        "unitNo": "1953676585064202240",
        "fieldType": "0",
        "paramType": "0",
        "paramId": "prefix",
        "paramName": "平台地址",
        "defaultVal": "",
        "requireFlag": "0",
        "hideFlag": "0",
        "promptText": "占位提示文本",
        "dataSource": "",
        "relationFlag": "0",
        "relationParam": "",
        "relationVal": ""
    },
    {
        "paramNo": "1960648631652450307",
        "unitNo": "1960648631652450304",
        "fieldType": "0",
        "paramType": "0",
        "paramId": "class",
        "paramName": "目标检测类别名称",
        "defaultVal": "",
        "requireFlag": "0",
        "hideFlag": "0",
        "promptText": "占位提示文本",
        "dataSource": "",
        "relationFlag": "0",
        "relationParam": "",
        "relationVal": ""
    },
    {
        "paramNo": "1960648631652450306",
        "unitNo": "1960648631652450304",
        "fieldType": "0",
        "paramType": "0",
        "paramId": "prefix",
        "paramName": "平台地址",
        "defaultVal": "",
        "requireFlag": "0",
        "hideFlag": "0",
        "promptText": "占位提示文本",
        "dataSource": "",
        "relationFlag": "0",
        "relationParam": "",
        "relationVal": ""
    },
    {
        "paramNo": "1846799380120600576",
        "unitNo": "1846798606766440448",
        "fieldType": "0",
        "paramType": "0",
        "paramId": "invasion_class",
        "paramName": "监测物体类别",
        "defaultVal": "",
        "requireFlag": "0",
        "hideFlag": "0",
        "promptText": "多个类别用英文逗号隔开",
        "dataSource": "",
        "relationFlag": "0",
        "relationParam": "",
        "relationVal": ""
    },
    {
        "paramNo": "1960648631652450305",
        "unitNo": "1960648631652450304",
        "fieldType": "0",
        "paramType": "0",
        "paramId": "token",
        "paramName": "鉴权码",
        "defaultVal": "",
        "requireFlag": "0",
        "hideFlag": "0",
        "promptText": "占位提示文本",
        "dataSource": "",
        "relationFlag": "0",
        "relationParam": "",
        "relationVal": ""
    }
]