[
    {
        "paramNo": "1970734362785742848",
        "nodeNo": "1970734362764771328",
        "unitParamNo": "1846798898115379200",
        "paramVal": "0",
        "fieldType": "5",
        "paramId": "invasion_upper_x",
        "promptText": "占位提示文本",
        "relationParam": "",
        "relationVal": "",
        "dataSource": "",
        "paramType": "0",
        "paramName": "入侵区域左上角x坐标"
    },
    {
        "paramNo": "1970734362785742849",
        "nodeNo": "1970734362764771328",
        "unitParamNo": "1846798904813682688",
        "paramVal": "0",
        "fieldType": "5",
        "paramId": "invasion_upper_y",
        "promptText": "占位提示文本",
        "relationParam": "",
        "relationVal": "",
        "dataSource": "",
        "paramType": "0",
        "paramName": "入侵区域左上角y坐标"
    },
    {
        "paramNo": "1970734362789937152",
        "nodeNo": "1970734362764771328",
        "unitParamNo": "1846798910777982976",
        "paramVal": "0",
        "fieldType": "5",
        "paramId": "invasion_lower_x",
        "promptText": "占位提示文本",
        "relationParam": "",
        "relationVal": "",
        "dataSource": "",
        "paramType": "0",
        "paramName": "入侵区域右下角x坐标"
    },
    {
        "paramNo": "1970734362789937153",
        "nodeNo": "1970734362764771328",
        "unitParamNo": "1846798915978919936",
        "paramVal": "0",
        "fieldType": "5",
        "paramId": "invasion_lower_y",
        "promptText": "占位提示文本",
        "relationParam": "",
        "relationVal": "",
        "dataSource": "",
        "paramType": "0",
        "paramName": "入侵区域右下角y坐标"
    },
    {
        "paramNo": "1970734362794131456",
        "nodeNo": "1970734362764771328",
        "unitParamNo": "1846799380120600576",
        "paramVal": "smoke",
        "fieldType": "0",
        "paramId": "invasion_class",
        "promptText": "多个类别用英文逗号隔开",
        "relationParam": "",
        "relationVal": "",
        "dataSource": "",
        "paramType": "0",
        "paramName": "监测物体类别"
    },
    {
        "paramNo": "1970734362823491584",
        "nodeNo": "1970734362806714368",
        "unitParamNo": "1839123162248249344",
        "paramVal": "rtmp://168.168.10.110:11935/live/stream4",
        "fieldType": "0",
        "paramId": "rtsp_url",
        "promptText": "占位提示文本",
        "relationParam": "",
        "relationVal": "",
        "dataSource": "",
        "paramType": "0",
        "paramName": "RTSP视频流链接"
    },
    {
        "paramNo": "1970734362836074496",
        "nodeNo": "1970734362823491584",
        "unitParamNo": "1953710220957974528",
        "paramVal": "预标注数据集",
        "fieldType": "0",
        "paramId": "project_name",
        "promptText": "占位提示文本",
        "relationParam": "",
        "relationVal": "",
        "dataSource": "",
        "paramType": "0",
        "paramName": "项目名称"
    },
    {
        "paramNo": "1970734362836074497",
        "nodeNo": "1970734362823491584",
        "unitParamNo": "1953710266969489408",
        "paramVal": "fba463f59f98328c6f4289778fc91af4df0c1814",
        "fieldType": "0",
        "paramId": "token",
        "promptText": "占位提示文本",
        "relationParam": "",
        "relationVal": "",
        "dataSource": "",
        "paramType": "0",
        "paramName": "鉴权码"
    },
    {
        "paramNo": "1970734362840268800",
        "nodeNo": "1970734362823491584",
        "unitParamNo": "1953710426785054720",
        "paramVal": "http://168.168.10.110:19080",
        "fieldType": "0",
        "paramId": "prefix",
        "promptText": "占位提示文本",
        "relationParam": "",
        "relationVal": "",
        "dataSource": "",
        "paramType": "0",
        "paramName": "平台地址"
    },
    {
        "paramNo": "1970734362840268801",
        "nodeNo": "1970734362823491584",
        "unitParamNo": "1953720583606763520",
        "paramVal": "smoke,fire",
        "fieldType": "0",
        "paramId": "class",
        "promptText": "占位提示文本",
        "relationParam": "",
        "relationVal": "",
        "dataSource": "",
        "paramType": "0",
        "paramName": "目标检测类别名称"
    },
    {
        "paramNo": "1970734362865434624",
        "nodeNo": "1970734362852851712",
        "unitParamNo": "1960648631652450304",
        "paramVal": "测试数据集",
        "fieldType": "0",
        "paramId": "project_name",
        "promptText": "占位提示文本",
        "relationParam": "",
        "relationVal": "",
        "dataSource": "",
        "paramType": "0",
        "paramName": "项目名称"
    },
    {
        "paramNo": "1970734362865434625",
        "nodeNo": "1970734362852851712",
        "unitParamNo": "1960648631652450305",
        "paramVal": "fba463f59f98328c6f4289778fc91af4df0c1814",
        "fieldType": "0",
        "paramId": "token",
        "promptText": "占位提示文本",
        "relationParam": "",
        "relationVal": "",
        "dataSource": "",
        "paramType": "0",
        "paramName": "鉴权码"
    },
    {
        "paramNo": "1970734362865434626",
        "nodeNo": "1970734362852851712",
        "unitParamNo": "1960648631652450306",
        "paramVal": "http://168.168.10.110:19080",
        "fieldType": "0",
        "paramId": "prefix",
        "promptText": "占位提示文本",
        "relationParam": "",
        "relationVal": "",
        "dataSource": "",
        "paramType": "0",
        "paramName": "平台地址"
    },
    {
        "paramNo": "1970734362869628928",
        "nodeNo": "1970734362852851712",
        "unitParamNo": "1960648631652450307",
        "paramVal": "smoke",
        "fieldType": "0",
        "paramId": "class",
        "promptText": "占位提示文本",
        "relationParam": "",
        "relationVal": "",
        "dataSource": "",
        "paramType": "0",
        "paramName": "目标检测类别名称"
    }
]