[
    {
        "nodeNo": "1970734362764771328",
        "nodeDsc": "",
        "nodeColor": "#1764e8",
        "unitNo": "1846798606766440448",
        "flowNo": "1970734362752188416",
        "nodeNam": "图片入侵检测",
        "tenantNo": "1",
        "fstusrDtm": 1756289049000,
        "fstusrId": "SYS"
    },
    {
        "nodeNo": "1970734362798325760",
        "nodeDsc": "对部分4通道图像进行处理，取前3通道",
        "nodeColor": "#1764e8",
        "unitNo": "1846722518216343552",
        "flowNo": "1970734362752188416",
        "nodeNam": "图片通道数限制3维",
        "tenantNo": "1",
        "fstusrDtm": 1756289452000,
        "fstusrId": "SYS"
    },
    {
        "nodeNo": "1970734362806714368",
        "nodeColor": "#1764e8",
        "unitNo": "1829469579030560768",
        "flowNo": "1970734362752188416",
        "nodeNam": "视频流图像截取",
        "tenantNo": "1",
        "fstusrDtm": 1754617658000,
        "fstusrId": "SYS"
    },
    {
        "nodeNo": "1970734362823491584",
        "nodeColor": "#1764e8",
        "unitNo": "1953676585064202240",
        "flowNo": "1970734362752188416",
        "nodeNam": "上传图片至label-studio",
        "tenantNo": "1",
        "fstusrDtm": 1754638493000,
        "fstusrId": "SYS"
    },
    {
        "nodeNo": "1970734362852851712",
        "nodeColor": "#1764e8",
        "unitNo": "1960648631652450304",
        "flowNo": "1970734362752188416",
        "nodeNam": "上传图片至label-studio（预标注）",
        "tenantNo": "1",
        "fstusrDtm": 1756370287000,
        "fstusrId": "SYS"
    },
    {
        "nodeNo": "1970734362869628928",
        "nodeDsc": "上传Any类型文件",
        "nodeColor": "#1764e8",
        "unitNo": "1830802637218381824",
        "flowNo": "1970734362752188416",
        "nodeNam": "通用文件上传",
        "tenantNo": "1",
        "fstusrDtm": 1758694603000,
        "fstusrId": "SYS"
    }
]