[
    {
        "unitNo": "1960648631652450304",
        "unitNam": "上传图片至label-studio（预标注）",
        "unitIcon": "\\uE62D",
        "fillColor": "#1764e8",
        "unitType": "0",
        "codeType": "1",
        "codeUrl": "/component/1960648631652450304/label_studio_upload_with_annotation.py",
        "treeNo": "1953702345250439168",
        "codeFileName": "label_studio_upload_with_annotation.py",
        "rangeType": "0",
        "unitFileType": "1",
        "fstusrId": "SYS",
        "lstusrId": "SYS"
    },
    {
        "unitNo": "1846722518216343552",
        "unitNam": "图片通道数限制3维",
        "unitIcon": "\\uE643",
        "fillColor": "#1764e8",
        "unitDesc": "对部分4通道图像进行处理，取前3通道",
        "unitType": "0",
        "codeType": "1",
        "codeUrl": "/component/1846722518216343552/image_channel_to_three.py",
        "treeNo": "1838831754744430592",
        "codeFileName": "image_channel_to_three.py",
        "rangeType": "0",
        "unitFileType": "1",
        "fstusrId": "SYS",
        "lstusrId": "SYS"
    },
    {
        "unitNo": "1846798606766440448",
        "unitNam": "图片入侵检测",
        "unitIcon": "\\uE643",
        "fillColor": "#1764e8",
        "unitDesc": "",
        "unitType": "0",
        "codeType": "1",
        "codeUrl": "/component/1846798606766440448/target_zone_invasion.py",
        "treeNo": "1846099281551818752",
        "codeFileName": "target_zone_invasion.py",
        "rangeType": "0",
        "unitFileType": "1",
        "fstusrId": "SYS",
        "lstusrId": "SYS"
    },
    {
        "unitNo": "1953676585064202240",
        "unitNam": "上传图片至label-studio",
        "unitIcon": "\\uE62D",
        "fillColor": "#1764e8",
        "unitType": "0",
        "codeType": "1",
        "codeUrl": "/component/1953676585064202240/DI_1953676585064202240.py",
        "treeNo": "1953702345250439168",
        "codeFileName": "DI_1953676585064202240.py",
        "rangeType": "0",
        "unitFileType": "0",
        "fstusrId": "SYS",
        "lstusrId": "SYS"
    },
    {
        "unitNo": "1830802637218381824",
        "unitNam": "通用文件上传",
        "unitIcon": "\\uE643",
        "fillColor": "#1764e8",
        "unitDesc": "上传Any类型文件",
        "unitType": "0",
        "codeType": "1",
        "codeUrl": "/component/1830802637218381824/upload_any_file.py",
        "treeNo": "1838412362164469760",
        "codeFileName": "upload_any_file.py",
        "rangeType": "0",
        "unitFileType": "1",
        "fstusrId": "SYS",
        "lstusrId": "SYS"
    },
    {
        "unitNo": "1829469579030560768",
        "unitNam": "视频流图像截取",
        "unitIcon": "\\uE7C7",
        "fillColor": "#1764e8",
        "unitType": "0",
        "codeType": "1",
        "codeUrl": "/component/1829469579030560768/import_video_stream.py",
        "treeNo": "1839123055528378368",
        "codeFileName": "import_video_stream.py",
        "rangeType": "0",
        "unitFileType": "1",
        "fstusrId": "SYS",
        "lstusrId": "SYS"
    }
]