[
    {
        "ioNo": "1960648631652450304",
        "ioName": "input",
        "unitNo": "1960648631652450304",
        "ioType": "0",
        "tipsText": "输入数据",
        "dataType": "40",
        "displayFlag": "1"
    },
    {
        "ioNo": "1953676585223585792",
        "ioName": "input",
        "unitNo": "1953676585064202240",
        "ioType": "0",
        "tipsText": "输入数据",
        "dataType": "40",
        "displayFlag": "1"
    },
    {
        "ioNo": "1846722518291841024",
        "ioName": "image",
        "unitNo": "1846722518216343552",
        "ioType": "0",
        "tipsText": "输入数据",
        "dataType": "42",
        "displayFlag": "1"
    },
    {
        "ioNo": "1829469579143806976",
        "ioName": "output",
        "unitNo": "1829469579030560768",
        "ioType": "1",
        "tipsText": "输出数据",
        "dataType": "42",
        "displayFlag": "1",
        "fileFlag": "0"
    },
    {
        "ioNo": "1960648631748919296",
        "ioName": "Annotation",
        "unitNo": "1960648631652450304",
        "ioType": "0",
        "tipsText": "输入数据",
        "dataType": "41",
        "displayFlag": "1"
    },
    {
        "ioNo": "1830802637323239424",
        "ioName": "output",
        "unitNo": "1830802637218381824",
        "ioType": "1",
        "tipsText": "输出数据",
        "dataType": "40",
        "displayFlag": "1",
        "fileFlag": "1"
    },
    {
        "ioNo": "1846798661263032320",
        "ioName": "model.pt",
        "unitNo": "1846798606766440448",
        "ioType": "0",
        "tipsText": "输入模型",
        "dataType": "40",
        "displayFlag": "1"
    },
    {
        "ioNo": "1846798606858715136",
        "ioName": "image",
        "unitNo": "1846798606766440448",
        "ioType": "1",
        "tipsText": "输出数据",
        "dataType": "42",
        "displayFlag": "1",
        "fileFlag": "0"
    },
    {
        "ioNo": "1846722518300229632",
        "ioName": "image",
        "unitNo": "1846722518216343552",
        "ioType": "1",
        "tipsText": "输出数据",
        "dataType": "42",
        "displayFlag": "1",
        "fileFlag": "0"
    },
    {
        "ioNo": "1847156586158489600",
        "ioName": "result",
        "unitNo": "1846798606766440448",
        "ioType": "1",
        "tipsText": "输出数据",
        "dataType": "41",
        "displayFlag": "1",
        "autoReceive": " ",
        "specificTypes": ""
    },
    {
        "ioNo": "1846798606850326528",
        "ioName": "image",
        "unitNo": "1846798606766440448",
        "ioType": "0",
        "tipsText": "输入图像",
        "dataType": "42",
        "displayFlag": "1"
    }
]